manufacturer,model,canonical_name,total_listings,listings_with_price,first_seen,last_seen,has_fmp
1010music,1010 Music Bitbox ΜΚ1 2016,1010music 1010 Music Bitbox ΜΚ1 2016,1,1,2026-03-08,2026-03-08,0
1010music,1010 Music Blackbox,1010music 1010 Music Blackbox,1,1,2026-04-13,2026-04-13,0
1010music,Bitbox MK2,1010music Bitbox MK2,0,0,,,0
1010music,Bitbox Micro,1010music Bitbox Micro,0,0,,,0
1010music,Blackbox,1010music Blackbox,2,2,2026-03-08,2026-03-16,1
1010music,Bluebox,1010music Bluebox,0,0,,,0
1010music,Lemondrop Granular,1010music Lemondrop Granular,1,1,2026-03-16,2026-03-16,0
1010music,Nanobox Fireball,1010music Nanobox Fireball,0,0,,,0
1010music,Nanobox Lemondrop,1010music Nanobox Lemondrop,1,1,2026-04-11,2026-04-11,0
1010music,Nanobox Razzmatazz,1010music Nanobox Razzmatazz,0,0,,,0
1010music,Nanobox lemondrop,1010music Nanobox lemondrop,0,0,,,0
1010music,bento,1010music bento,2,2,2026-03-08,2026-03-08,1
1010music,blackbox,1010music blackbox,0,0,,,0
1010music,nanobox lemondrop,1010music nanobox lemondrop,0,0,,,0
1010music,nanobox razzmatazz,1010music nanobox razzmatazz,0,0,,,0
4ms,4ms dual looping delay,4ms 4ms dual looping delay,1,1,2023-03-01,2023-03-01,0
4ms,4ms quad pingable lfo,4ms 4ms quad pingable lfo,2,2,2022-12-31,2023-03-01,0
4ms,Cambio 4ms Spherical Wavetable Navigator,4ms Cambio 4ms Spherical Wavetable Navigator,1,0,2026-03-16,2026-03-16,0
4ms,DLD,4ms DLD,0,0,,,0
4ms,Ensemble Oscillator,4ms Ensemble Oscillator,2,2,2026-03-08,2026-03-08,1
4ms,Spectral Multiband Resonator,4ms Spectral Multiband Resonator,0,0,,,0
4ms,"pod64x, 90w power brick","4ms pod64x, 90w power brick",1,1,2026-03-08,2026-03-08,0
ADDAC System,ADDAC200B,ADDAC System ADDAC200B,0,0,,,0
ADDAC System,ADDAC200PI,ADDAC System ADDAC200PI,0,0,,,0
AKAI Professional,MPC Key 37,AKAI Professional MPC Key 37,0,0,,,0
AKAI Professional,MPC Live III,AKAI Professional MPC Live III,0,0,,,0
AKAI Professional,MPC XL,AKAI Professional MPC XL,0,0,,,0
AKAI Professional,MPK mini Play MK3,AKAI Professional MPK mini Play MK3,0,0,,,0
AKAI Professional,MPX8,AKAI Professional MPX8,0,0,,,0
ALM Busy Circuits,ALM HPO,ALM Busy Circuits ALM HPO,1,1,2026-04-20,2026-04-20,0
ALM Busy Circuits,ALM TAZM-O,ALM Busy Circuits ALM TAZM-O,1,1,2026-03-16,2026-03-16,0
ALM Busy Circuits,Alm Tangle Quartet,ALM Busy Circuits Alm Tangle Quartet,1,1,2026-03-31,2026-03-31,0
ALM Busy Circuits,Pamela's NEW Workout,ALM Busy Circuits Pamela's NEW Workout,1,1,2023-03-01,2023-03-01,0
ALM Busy Circuits,Pip Slope,ALM Busy Circuits Pip Slope,0,0,,,0
ALM Busy Circuits,Squid Salmple,ALM Busy Circuits Squid Salmple,0,0,,,0
ALM Busy Circuits,alm dinky`s taiko,ALM Busy Circuits alm dinky`s taiko,3,3,2023-06-04,2023-08-07,0
ARP,2600,ARP 2600,0,0,,,0
ARP,ARP 2600,ARP ARP 2600,0,0,,,0
ARP,ARP 2600 FS,ARP ARP 2600 FS,0,0,,,0
ARP,ARP Omni,ARP ARP Omni,0,0,,,0
ARP,ARP Omni-2,ARP ARP Omni-2,0,0,,,0
ARP,ARP Pro Soloist,ARP ARP Pro Soloist,0,0,,,0
ARP,Axxe,ARP Axxe,0,0,,,0
ARP,Chroma,ARP Chroma,0,0,,,0
ARP,Chroma Polaris,ARP Chroma Polaris,0,0,,,0
ARP,Odyssey,ARP Odyssey,0,0,,,0
ARP,Odyssey FS,ARP Odyssey FS,0,0,,,0
ARP,Odyssey Module,ARP Odyssey Module,0,0,,,0
ARP,Quadra,ARP Quadra,0,0,,,0
ARP,Solus,ARP Solus,0,0,,,0
ASM,Hydrasynth,ASM Hydrasynth,2,2,2022-12-31,2026-03-16,0
ASM,Hydrasynth Deluxe,ASM Hydrasynth Deluxe,0,0,,,0
ASM,Hydrasynth Desktop,ASM Hydrasynth Desktop,1,1,2023-08-07,2023-08-07,0
ASM,Hydrasynth Explorer,ASM Hydrasynth Explorer,3,3,2026-03-08,2026-03-08,1
ASM,Hydrasynth Keyboard,ASM Hydrasynth Keyboard,5,5,2023-06-04,2026-03-16,1
ASM,Hydrasynth Keyboard Silver Ed,ASM Hydrasynth Keyboard Silver Ed,0,0,,,0
ASM,Leviasynth,ASM Leviasynth,0,0,,,0
ASM,Leviasynth Desktop,ASM Leviasynth Desktop,0,0,,,0
ASM,Leviasynth Keyboard,ASM Leviasynth Keyboard,0,0,,,0
Ableton,Live 11 Suite – Licence,Ableton Live 11 Suite – Licence,1,1,2026-05-10,2026-05-10,0
Ableton,Move,Ableton Move,0,0,,,0
Ableton,Move - Live Standard,Ableton Move - Live Standard,0,0,,,0
Ableton,Move - Live Suite,Ableton Move - Live Suite,0,0,,,0
Ableton,Push,Ableton Push,2,2,2026-03-08,2026-03-08,1
Ableton,Push 2,Ableton Push 2,9,9,2023-06-04,2026-03-08,1
Ableton,Push 3,Ableton Push 3,1,0,2026-03-07,2026-03-07,0
Ableton,Push 3 Autónomo,Ableton Push 3 Autónomo,1,1,2026-05-03,2026-05-03,0
Ableton,Push 3 Standalone,Ableton Push 3 Standalone,1,1,2026-05-10,2026-05-10,0
Ableton,Push 3 Standalone - Cover Bdl,Ableton Push 3 Standalone - Cover Bdl,0,0,,,0
Ableton,Push 3 Standalone - Live Std,Ableton Push 3 Standalone - Live Std,0,0,,,0
Ableton,Push 3 Standalone - Live Suite,Ableton Push 3 Standalone - Live Suite,0,0,,,0
Ableton,push 3 standalone,Ableton push 3 standalone,0,0,,,0
Access Virus,Access - Virus B,Access Virus Access - Virus B,1,1,2026-04-23,2026-04-23,0
Access Virus,"Bolsa, estuche","Access Virus Bolsa, estuche",1,1,2026-04-19,2026-04-19,0
Access Virus,VIRUS,Access Virus VIRUS,1,1,2026-03-08,2026-03-08,0
Access Virus,VIRUS TI2 Synth,Access Virus VIRUS TI2 Synth,0,0,,,0
Access Virus,Virus A,Access Virus Virus A,5,5,2022-12-31,2023-08-07,0
Access Virus,Virus B,Access Virus Virus B,1,1,2026-03-08,2026-03-08,0
Access Virus,Virus C,Access Virus Virus C,4,4,2026-03-08,2026-03-16,1
Access Virus,Virus Indigo,Access Virus Virus Indigo,0,0,,,0
Access Virus,Virus Indigo 2,Access Virus Virus Indigo 2,1,1,2026-03-08,2026-03-08,0
Access Virus,Virus KB,Access Virus Virus KB,0,0,,,0
Access Virus,Virus KC,Access Virus Virus KC,0,0,,,0
Access Virus,Virus Rack,Access Virus Virus Rack,1,1,2026-03-16,2026-03-16,0
Access Virus,Virus Snow,Access Virus Virus Snow,0,0,,,0
Access Virus,Virus TI,Access Virus Virus TI,4,3,2022-12-31,2026-04-02,1
Access Virus,Virus TI Desktop,Access Virus Virus TI Desktop,0,0,,,0
Access Virus,Virus TI Polar,Access Virus Virus TI Polar,2,2,2022-12-31,2026-03-08,0
Access Virus,Virus TI Snow,Access Virus Virus TI Snow,2,2,2026-03-08,2026-03-08,1
Access Virus,Virus TI2,Access Virus Virus TI2,4,4,2026-03-08,2026-03-23,1
Access Virus,Virus TI2 Desktop,Access Virus Virus TI2 Desktop,3,3,2026-03-16,2026-05-08,1
Akai,APC KEY25,Akai APC KEY25,2,2,2026-03-08,2026-03-08,0
Akai,APC Key 25,Akai APC Key 25,0,0,,,0
Akai,APC Key25 Midi,Akai APC Key25 Midi,1,1,2026-03-08,2026-03-08,0
Akai,APC Mini,Akai APC Mini,1,1,2026-03-08,2026-03-08,0
Akai,APC key25 MIdi,Akai APC key25 MIdi,0,0,,,0
Akai,APC20,Akai APC20,0,0,,,0
Akai,APC40,Akai APC40,1,1,2026-03-08,2026-03-08,0
Akai,APC40 MK2,Akai APC40 MK2,0,0,,,0
Akai,Compro Akai Mpc Sample,Akai Compro Akai Mpc Sample,1,0,2026-05-06,2026-05-06,0
Akai,EWI5000,Akai EWI5000,1,1,2026-03-16,2026-03-16,0
Akai,Ewi USB Electronic Wind Instrument,Akai Ewi USB Electronic Wind Instrument,1,1,2026-03-08,2026-03-08,0
Akai,FORCE,Akai FORCE,6,6,2022-12-31,2026-03-16,1
Akai,FORCE MIDI CONTROLER - καινούργιο!,Akai FORCE MIDI CONTROLER - καινούργιο!,0,0,,,0
Akai,Force,Akai Force,0,0,,,0
Akai,LPD8,Akai LPD8,1,1,2026-03-08,2026-03-08,0
Akai,MINIAK - Virtual Analog and,Akai MINIAK - Virtual Analog and,0,0,,,0
Akai,MPC 25 mini,Akai MPC 25 mini,1,1,2026-03-08,2026-03-08,0
Akai,MPC 2500,Akai MPC 2500,1,1,2026-03-08,2026-03-08,0
Akai,MPC 4000,Akai MPC 4000,1,1,2026-03-16,2026-03-16,0
Akai,MPC 5000,Akai MPC 5000,3,3,2026-03-08,2026-03-08,1
Akai,MPC EXTRAS,Akai MPC EXTRAS,1,1,2026-03-08,2026-03-08,0
Akai,MPC Element,Akai MPC Element,1,1,2026-05-07,2026-05-07,0
Akai,MPC Force,Akai MPC Force,0,0,,,0
Akai,MPC KEY37 σαν καινούργιο,Akai MPC KEY37 σαν καινούργιο,1,1,2026-04-29,2026-04-29,0
Akai,MPC Key 37,Akai MPC Key 37,2,2,2026-03-08,2026-05-02,1
Akai,MPC Key 61,Akai MPC Key 61,3,3,2026-03-08,2026-03-22,1
Akai,MPC Live,Akai MPC Live,8,8,2022-12-31,2026-03-27,1
Akai,MPC Live (v1) - Estado,Akai MPC Live (v1) - Estado,1,1,2026-04-09,2026-04-09,0
Akai,MPC Live II,Akai MPC Live II,0,0,,,0
Akai,MPC Live MK2,Akai MPC Live MK2,0,0,,,0
Akai,MPC ONE,Akai MPC ONE,2,2,2026-04-17,2026-04-25,1
Akai,MPC One,Akai MPC One,8,8,2022-12-31,2026-03-28,1
Akai,MPC One+,Akai MPC One+,0,0,,,0
Akai,MPC Renaissance,Akai MPC Renaissance,3,3,2026-03-08,2026-03-08,1
Akai,MPC STUDIO,Akai MPC STUDIO,1,1,2026-05-06,2026-05-06,0
Akai,MPC Studio,Akai MPC Studio,1,1,2026-03-08,2026-03-08,0
Akai,MPC Touch,Akai MPC Touch,2,2,2026-03-08,2026-03-08,1
Akai,MPC X,Akai MPC X,4,4,2026-03-08,2026-03-19,1
Akai,MPC X SE,Akai MPC X SE,1,1,2026-04-29,2026-04-29,0
Akai,MPC keys 37 tiene unos,Akai MPC keys 37 tiene unos,1,1,2026-03-27,2026-03-27,0
Akai,MPC-X,Akai MPC-X,1,1,2026-03-23,2026-03-23,0
Akai,MPC1000,Akai MPC1000,0,0,,,0
Akai,MPC2000,Akai MPC2000,1,1,2026-04-05,2026-04-05,0
Akai,MPC2000XL,Akai MPC2000XL,0,0,,,0
Akai,MPC2500,Akai MPC2500,0,0,,,0
Akai,MPC3000,Akai MPC3000,0,0,,,0
Akai,MPC500,Akai MPC500,1,1,2026-03-08,2026-03-08,0
Akai,MPC60,Akai MPC60,0,0,,,0
Akai,MPD 218,Akai MPD 218,1,1,2026-03-08,2026-03-08,0
Akai,MPD 323,Akai MPD 323,1,1,2026-03-08,2026-03-08,0
Akai,MPD-218,Akai MPD-218,1,1,2026-03-08,2026-03-08,0
Akai,MPD18,Akai MPD18,0,0,,,0
Akai,MPD226,Akai MPD226,0,0,,,0
Akai,MPD232,Akai MPD232,1,1,2026-03-08,2026-03-08,0
Akai,MPK 249,Akai MPK 249,0,0,,,0
Akai,MPK 25 Midi Semi Weighted,Akai MPK 25 Midi Semi Weighted,1,1,2026-03-08,2026-03-08,0
Akai,MPK MINI,Akai MPK MINI,1,1,2026-04-08,2026-04-08,0
Akai,MPK Mini,Akai MPK Mini,1,1,2026-03-08,2026-03-08,0
Akai,MPK Mini MK3,Akai MPK Mini MK3,1,1,2026-03-08,2026-03-08,0
Akai,MPK mini play,Akai MPK mini play,1,1,2026-04-22,2026-04-22,0
Akai,MPK mini plus,Akai MPK mini plus,1,1,2026-04-06,2026-04-06,0
Akai,MPK249,Akai MPK249,0,0,,,0
Akai,MPK261,Akai MPK261,1,1,2026-03-08,2026-03-08,0
Akai,MPK88 Rebajas Enero,Akai MPK88 Rebajas Enero,1,1,2026-03-16,2026-03-16,0
Akai,MPKmini,Akai MPKmini,1,1,2026-03-08,2026-03-08,0
Akai,MPX16,Akai MPX16,2,2,2026-03-08,2026-03-08,1
Akai,MX73 Operator's Manual,Akai MX73 Operator's Manual,1,1,2026-03-31,2026-03-31,0
Akai,Midi LPK25-,Akai Midi LPK25-,1,1,2026-03-08,2026-03-08,0
Akai,Midi MPK-249,Akai Midi MPK-249,1,1,2026-03-08,2026-03-08,0
Akai,MidiMIx,Akai MidiMIx,1,1,2026-03-08,2026-03-08,0
Akai,Miniak,Akai Miniak,3,3,2026-03-08,2026-03-08,1
Akai,Miniak / Vocoder,Akai Miniak / Vocoder,0,0,,,0
Akai,Professional MAX49,Akai Professional MAX49,1,1,2026-04-18,2026-04-18,0
Akai,Professional MPX16 standalone,Akai Professional MPX16 standalone,1,1,2026-03-08,2026-03-08,0
Akai,ROMpler - Akai SG01v-,Akai ROMpler - Akai SG01v-,0,0,,,0
Akai,S 700 VINTAGE,Akai S 700 VINTAGE,1,1,2026-03-08,2026-03-08,0
Akai,S1000,Akai S1000,1,1,2026-03-07,2026-03-07,0
Akai,S2000,Akai S2000,3,3,2026-03-08,2026-03-16,1
Akai,S3000,Akai S3000,4,4,2023-06-04,2026-03-16,0
Akai,S3200,Akai S3200,0,0,,,0
Akai,S5000,Akai S5000,1,1,2026-03-08,2026-03-08,0
Akai,S6000,Akai S6000,2,2,2022-12-31,2026-04-08,0
Akai,S612,Akai S612,1,1,2026-03-08,2026-03-08,0
Akai,S700,Akai S700,0,0,,,0
Akai,S900,Akai S900,0,0,,,0
Akai,S950,Akai S950,0,0,,,0
Akai,SG01V,Akai SG01V,0,0,,,0
Akai,Stand AKAI MPC Live (env,Akai Stand AKAI MPC Live (env,0,0,,,0
Akai,SynthStation 25,Akai SynthStation 25,1,1,2026-03-08,2026-03-08,0
Akai,SynthStation 49,Akai SynthStation 49,0,0,,,0
Akai,"Wolf, Caja","Akai Wolf, Caja",1,1,2026-03-16,2026-03-16,0
Akai,Z4,Akai Z4,1,1,2026-03-08,2026-03-08,0
Akai,Z8,Akai Z8,4,4,2023-06-04,2026-03-19,0
Akai,akai force ssd 480,Akai akai force ssd 480,3,3,2023-06-04,2023-08-07,0
Akai,akai mpd 232,Akai akai mpd 232,1,1,2022-12-31,2022-12-31,0
Akai,akai mpk 225,Akai akai mpk 225,2,2,2022-12-31,2026-03-08,0
Akai,akai mpk 249,Akai akai mpk 249,2,2,2023-08-07,2026-03-16,0
Akai,akai sg01v,Akai akai sg01v,5,5,2023-06-04,2026-03-16,1
Akai,decksaver akai force,Akai decksaver akai force,3,3,2023-06-04,2023-08-07,0
Akai,force,Akai force,0,0,,,0
Akai,manual akai xr20,Akai manual akai xr20,2,2,2022-12-31,2023-06-04,0
Akai,"maschine mpc stuff live, mpd,","Akai maschine mpc stuff live, mpd,",0,0,,,0
Akai,mpc 1000,Akai mpc 1000,1,1,2026-04-11,2026-04-11,0
Akai,mpc 5000,Akai mpc 5000,0,0,,,0
Akai,mpc akai mpc 61,Akai mpc akai mpc 61,1,1,2023-08-07,2023-08-07,0
Akai,mpc akai mpc 61 keys,Akai mpc akai mpc 61 keys,3,3,2023-06-04,2023-08-07,0
Akai,mpcx. ( 15 expansiones),Akai mpcx. ( 15 expansiones),1,1,2026-03-07,2026-03-07,0
Akai,mpk 225,Akai mpk 225,0,0,,,0
Akai,mpk midi mini grey,Akai mpk midi mini grey,1,1,2026-03-08,2026-03-08,0
Akai,s6000,Akai s6000,0,0,,,0
Akai,ΑΚΑΙ MPD 26,Akai ΑΚΑΙ MPD 26,1,1,2026-03-08,2026-03-08,0
Akai,Ζητείται Akai apc 40,Akai Ζητείται Akai apc 40,1,1,2026-05-06,2026-05-06,0
Akai,Ζητείται LCD οθόνη,Akai Ζητείται LCD οθόνη,1,1,2026-03-08,2026-03-08,0
Akai,Πωλειται AKAI Professional MPD 218,Akai Πωλειται AKAI Professional MPD 218,1,1,2026-03-08,2026-03-08,0
Alesis,Andromeda A6,Alesis Andromeda A6,1,1,2026-03-08,2026-03-08,0
Alesis,DM Pro,Alesis DM Pro,1,1,2026-03-16,2026-03-16,0
Alesis,DM-5,Alesis DM-5,1,1,2026-05-04,2026-05-04,0
Alesis,Fusion,Alesis Fusion,1,1,2026-03-08,2026-03-08,0
Alesis,Fusion HD,Alesis Fusion HD,0,0,,,0
Alesis,HR-16,Alesis HR-16,1,1,2026-03-08,2026-03-08,0
Alesis,Ion,Alesis Ion,0,0,,,0
Alesis,Micron,Alesis Micron,1,1,2026-03-08,2026-03-08,0
Alesis,Q49 MKII,Alesis Q49 MKII,1,1,2026-04-05,2026-04-05,0
Alesis,Q61 61-Key USB/MIDI,Alesis Q61 61-Key USB/MIDI,1,1,2026-03-16,2026-03-16,0
Alesis,QS6,Alesis QS6,0,0,,,0
Alesis,QS6.1,Alesis QS6.1,0,0,,,0
Alesis,QS7,Alesis QS7,0,0,,,0
Alesis,QS7.1,Alesis QS7.1,0,0,,,0
Alesis,QS8,Alesis QS8,0,0,,,0
Alesis,QS8.1,Alesis QS8.1,0,0,,,0
Alesis,QX49 Midi,Alesis QX49 Midi,1,1,2026-03-08,2026-03-08,0
Alesis,Quadrasynth,Alesis Quadrasynth,1,1,2026-03-08,2026-03-08,0
Alesis,SR 18,Alesis SR 18,1,1,2026-03-16,2026-03-16,0
Alesis,SR-16 caja,Alesis SR-16 caja,1,1,2026-03-16,2026-03-16,0
Alesis,SR16,Alesis SR16,0,0,,,0
Alesis,SR18,Alesis SR18,2,2,2026-03-08,2026-03-08,1
Alesis,Vortex Wireless 2,Alesis Vortex Wireless 2,0,0,,,0
Alesis,Vortex Wireless II Midi 37,Alesis Vortex Wireless II Midi 37,1,1,2026-03-08,2026-03-08,0
Alesis,alesis v61,Alesis alesis v61,1,1,2022-12-31,2022-12-31,0
Alesis,alesis vortex wireless 2,Alesis alesis vortex wireless 2,2,2,2022-12-31,2026-03-08,0
Alesis,controlador alesis qx 61,Alesis controlador alesis qx 61,2,2,2022-12-31,2023-03-01,0
Alesis,perfromane pad pro,Alesis perfromane pad pro,1,1,2026-03-08,2026-03-08,0
Alesis,v49 midi,Alesis v49 midi,1,1,2026-03-08,2026-03-08,0
Alesis,vortex 2,Alesis vortex 2,1,1,2026-03-08,2026-03-08,0
Analogue Solutions,Colossus,Analogue Solutions Colossus,0,0,,,0
Analogue Solutions,Impulse Command,Analogue Solutions Impulse Command,1,1,2026-04-22,2026-04-22,0
Analogue Solutions,Leipzig,Analogue Solutions Leipzig,0,0,,,0
Analogue Solutions,Telemark,Analogue Solutions Telemark,0,0,,,0
Analogue Solutions,Vostok,Analogue Solutions Vostok,0,0,,,0
Analogue Solutions,leipiz s v2 late model,Analogue Solutions leipiz s v2 late model,1,1,2023-03-01,2023-03-01,0
Analogue Solutions,megacity,Analogue Solutions megacity,1,1,2023-03-01,2023-03-01,0
Arturia,! Arturia Drmbrute 2020. Nueva.,Arturia ! Arturia Drmbrute 2020. Nueva.,1,1,2026-03-07,2026-03-07,0
Arturia,(REBAJA FINAL) Arturia Keylab 88,Arturia (REBAJA FINAL) Arturia Keylab 88,1,1,2026-03-16,2026-03-16,0
Arturia,25 THE PLAYER,Arturia 25 THE PLAYER,1,1,2026-03-08,2026-03-08,0
Arturia,Arturia Minifreak,Arturia Arturia Minifreak,1,0,2026-05-06,2026-05-06,0
Arturia,AstroLab,Arturia AstroLab,0,0,,,0
Arturia,AstroLab 37,Arturia AstroLab 37,0,0,,,0
Arturia,AstroLab 88,Arturia AstroLab 88,0,0,,,0
Arturia,AstroLab Stand Set,Arturia AstroLab Stand Set,0,0,,,0
Arturia,AstroLab Wooden Legs Set,Arturia AstroLab Wooden Legs Set,0,0,,,0
Arturia,BEAT STEP PRO MIDI -,Arturia BEAT STEP PRO MIDI -,1,1,2026-03-08,2026-03-08,0
Arturia,BeatStep,Arturia BeatStep,4,4,2022-12-31,2026-03-08,1
Arturia,BeatStep Pro,Arturia BeatStep Pro,18,18,2023-03-01,2026-03-28,1
Arturia,DrumBrute,Arturia DrumBrute,6,5,2022-12-31,2026-04-15,1
Arturia,DrumBrute Impact,Arturia DrumBrute Impact,5,5,2026-03-16,2026-05-02,1
Arturia,Drumbrute Impact,Arturia Drumbrute Impact,0,0,,,0
Arturia,KEY STEP (BLACK),Arturia KEY STEP (BLACK),1,1,2026-03-08,2026-03-08,0
Arturia,Key Lab 49 MK II.,Arturia Key Lab 49 MK II.,1,1,2026-03-16,2026-03-16,0
Arturia,KeyLab 49 Essential,Arturia KeyLab 49 Essential,1,1,2026-03-08,2026-03-08,0
Arturia,KeyLab Essential 49 Black,Arturia KeyLab Essential 49 Black,1,1,2026-03-08,2026-03-08,0
Arturia,KeyLab Essential 49 MIDI,Arturia KeyLab Essential 49 MIDI,1,1,2026-04-12,2026-04-12,0
Arturia,KeyLab Essential 61,Arturia KeyLab Essential 61,2,2,2026-03-08,2026-05-08,1
Arturia,KeyLab Essential 61 White,Arturia KeyLab Essential 61 White,0,0,,,0
Arturia,KeyStep,Arturia KeyStep,8,8,2022-12-31,2026-05-07,1
Arturia,KeyStep 37,Arturia KeyStep 37,5,4,2026-03-08,2026-05-07,1
Arturia,KeyStep Controlador,Arturia KeyStep Controlador,0,0,,,0
Arturia,KeyStep Pro,Arturia KeyStep Pro,10,10,2022-12-31,2026-04-11,1
Arturia,"Keylab 25 , controlador midi.","Arturia Keylab 25 , controlador midi.",0,0,,,0
Arturia,Keylab 49 MKII,Arturia Keylab 49 MKII,1,1,2026-03-08,2026-03-08,0
Arturia,Keylab 61 MKII,Arturia Keylab 61 MKII,1,1,2026-03-08,2026-03-08,0
Arturia,Keylab 61 Midi Μαύρο,Arturia Keylab 61 Midi Μαύρο,0,0,,,0
Arturia,Keylab Essential 49,Arturia Keylab Essential 49,1,1,2026-04-22,2026-04-22,0
Arturia,Keylab Essential 61 Key Black,Arturia Keylab Essential 61 Key Black,1,1,2026-04-16,2026-04-16,0
Arturia,Keylab Essential 88,Arturia Keylab Essential 88,1,1,2026-04-19,2026-04-19,0
Arturia,Keystep 37,Arturia Keystep 37,0,0,,,0
Arturia,Keystep Midi,Arturia Keystep Midi,1,1,2026-04-29,2026-04-29,0
Arturia,MIDI Arturia Keylab 49,Arturia MIDI Arturia Keylab 49,1,1,2026-03-16,2026-03-16,0
Arturia,MIDI Arturia Keylab 88 MKII,Arturia MIDI Arturia Keylab 88 MKII,1,1,2026-04-20,2026-04-20,0
Arturia,MINI-LAB midi,Arturia MINI-LAB midi,1,1,2026-03-08,2026-03-08,0
Arturia,MatrixBrute,Arturia MatrixBrute,7,7,2023-03-01,2026-03-08,1
Arturia,MatrixBrute Noir,Arturia MatrixBrute Noir,0,0,,,0
Arturia,MicroBrute,Arturia MicroBrute,6,6,2023-03-01,2026-04-05,1
Arturia,MicroBrute SE blue Analogsynthesizer,Arturia MicroBrute SE blue Analogsynthesizer,1,1,2026-04-22,2026-04-22,0
Arturia,MicroBrute UFO,Arturia MicroBrute UFO,0,0,,,0
Arturia,MicroFreak,Arturia MicroFreak,9,9,2026-03-08,2026-04-22,1
Arturia,MicroFreak Vocoder Edition,Arturia MicroFreak Vocoder Edition,0,0,,,0
Arturia,Microbrute Red &,Arturia Microbrute Red &,0,0,,,0
Arturia,Microfreak (Arturia),Arturia Microfreak (Arturia),0,0,,,0
Arturia,Microfreak Stellar (ed. limitada),Arturia Microfreak Stellar (ed. limitada),0,0,,,0
Arturia,Microlab,Arturia Microlab,1,1,2026-04-22,2026-04-22,0
Arturia,Mini Freak Synth,Arturia Mini Freak Synth,1,1,2026-03-08,2026-03-08,0
Arturia,MiniBrute,Arturia MiniBrute,2,2,2026-03-08,2026-03-08,0
Arturia,MiniBrute 2,Arturia MiniBrute 2,1,1,2026-03-08,2026-03-08,0
Arturia,MiniBrute 2 Noir,Arturia MiniBrute 2 Noir,0,0,,,0
Arturia,MiniBrute 2S,Arturia MiniBrute 2S,5,5,2023-06-04,2026-03-08,1
Arturia,MiniBrute 2S Noir,Arturia MiniBrute 2S Noir,0,0,,,0
Arturia,MiniBrute SE,Arturia MiniBrute SE,2,2,2026-03-08,2026-03-08,1
Arturia,MiniFreak,Arturia MiniFreak,2,2,2026-03-08,2026-03-08,1
Arturia,MiniFreak V,Arturia MiniFreak V,1,1,2026-03-16,2026-03-16,0
Arturia,MiniFreak Vocoder,Arturia MiniFreak Vocoder,0,0,,,0
Arturia,MiniLab,Arturia MiniLab,4,4,2026-03-08,2026-04-22,1
Arturia,Minilab,Arturia Minilab,0,0,,,0
Arturia,Minilab 3,Arturia Minilab 3,2,2,2026-04-15,2026-05-03,1
Arturia,Minilab MIDI Controler,Arturia Minilab MIDI Controler,0,0,,,0
Arturia,Origin,Arturia Origin,1,1,2026-03-16,2026-03-16,0
Arturia,Pigments (Traspaso,Arturia Pigments (Traspaso,1,1,2026-03-16,2026-03-16,0
Arturia,PolyBrute,Arturia PolyBrute,6,6,2026-03-08,2026-04-25,1
Arturia,PolyBrute 12,Arturia PolyBrute 12,0,0,,,0
Arturia,PolyBrute 6,Arturia PolyBrute 6,0,0,,,0
Arturia,PolyBrute Noir,Arturia PolyBrute Noir,0,0,,,0
Arturia,Polybrure Analog Synth Arturia,Arturia Polybrure Analog Synth Arturia,1,1,2026-03-08,2026-03-08,0
Arturia,Polybrute,Arturia Polybrute,0,0,,,0
Arturia,Rackbrute 3U Noir,Arturia Rackbrute 3U Noir,1,1,2026-03-08,2026-03-08,0
Arturia,Vendo MIDI Arturia Keylab 88,Arturia Vendo MIDI Arturia Keylab 88,1,1,2026-03-23,2026-03-23,0
Arturia,arturia keylab 61 mk ii,Arturia arturia keylab 61 mk ii,4,4,2023-06-04,2026-03-08,0
Arturia,arturia rackbrute 3u env,Arturia arturia rackbrute 3u env,1,1,2023-03-01,2023-03-01,0
Arturia,controlador arturia keylab 88 mkii,Arturia controlador arturia keylab 88 mkii,1,1,2023-03-01,2023-03-01,0
Arturia,drumbrute,Arturia drumbrute,0,0,,,0
Arturia,drumbrute impact,Arturia drumbrute impact,0,0,,,0
Arturia,keylab 25,Arturia keylab 25,2,2,2026-03-08,2026-04-29,1
Arturia,keylab 49,Arturia keylab 49,1,1,2026-03-08,2026-03-08,0
Arturia,keylab 61,Arturia keylab 61,2,2,2026-03-08,2026-03-08,1
Arturia,keylab 61 mk ii,Arturia keylab 61 mk ii,0,0,,,0
Arturia,keylab 88,Arturia keylab 88,1,1,2026-04-30,2026-04-30,0
Arturia,keystep37,Arturia keystep37,1,1,2026-05-13,2026-05-13,0
Arturia,microbrute analog synth,Arturia microbrute analog synth,1,1,2026-04-15,2026-04-15,0
Arturia,midi arturia keylab mkii 49,Arturia midi arturia keylab mkii 49,4,4,2023-03-01,2023-08-07,0
Arturia,midi arturia keylab mkii 61,Arturia midi arturia keylab mkii 61,4,4,2023-03-01,2023-08-07,0
Arturia,minilab,Arturia minilab,0,0,,,0
Arturia,minilab3,Arturia minilab3,1,1,2026-03-08,2026-03-08,0
Arturia,mk2 88,Arturia mk2 88,1,1,2026-03-08,2026-03-08,0
Arturia,rackbrute 6u,Arturia rackbrute 6u,1,1,2026-03-31,2026-03-31,0
Arturia,the arturia analog experience the,Arturia the arturia analog experience the,1,1,2023-08-07,2023-08-07,0
Arturia,Πακετο ΚeyStep Arturia,Arturia Πακετο ΚeyStep Arturia,1,1,2026-04-24,2026-04-24,0
Audio Damage,Panther,Audio Damage Panther,0,0,,,0
Audio Damage,Quanta,Audio Damage Quanta,0,0,,,0
Audio Damage,Quanta 2,Audio Damage Quanta 2,0,0,,,0
Audio Damage,Rift,Audio Damage Rift,0,0,,,0
Audiothingies,Doctor A,Audiothingies Doctor A,0,0,,,0
Audiothingies,Mi Micromonsta 2,Audiothingies Mi Micromonsta 2,1,0,2026-04-22,2026-04-22,0
Audiothingies,MicroMonsta,Audiothingies MicroMonsta,1,1,2026-05-11,2026-05-11,0
Audiothingies,MicroMonsta 2,Audiothingies MicroMonsta 2,1,1,2026-03-08,2026-03-08,0
Audiothingies,Micromonsta,Audiothingies Micromonsta,0,0,,,0
Bastl Instruments,Grandpa,Bastl Instruments Grandpa,0,0,,,0
Bastl Instruments,Kastle,Bastl Instruments Kastle,1,1,2023-08-07,2023-08-07,0
Bastl Instruments,Kastle 2 Alchemist,Bastl Instruments Kastle 2 Alchemist,0,0,,,0
Bastl Instruments,Kastle 2 Wave Bard,Bastl Instruments Kastle 2 Wave Bard,0,0,,,0
Bastl Instruments,Kastle Drum,Bastl Instruments Kastle Drum,0,0,,,0
Bastl Instruments,Softpop SP2,Bastl Instruments Softpop SP2,0,0,,,0
Bastl Instruments,Thyme,Bastl Instruments Thyme,0,0,,,0
Bastl Instruments,Timber,Bastl Instruments Timber,0,0,,,0
Bastl Instruments,bastl bastl cv trinity,Bastl Instruments bastl bastl cv trinity,1,1,2022-12-31,2022-12-31,0
Befaco,/ DivKid Output Bus,Befaco / DivKid Output Bus,1,1,2026-03-08,2026-03-08,0
Befaco,Divkid Befaco Stereo Strip,Befaco Divkid Befaco Stereo Strip,1,1,2026-03-16,2026-03-16,0
Befaco,Even VCO,Befaco Even VCO,0,0,,,0
Befaco,Lich,Befaco Lich,1,1,2026-03-16,2026-03-16,0
Befaco,Liquidación Kits Befaco,Befaco Liquidación Kits Befaco,1,1,2026-04-29,2026-04-29,0
Befaco,Muxlicer,Befaco Muxlicer,0,0,,,0
Befaco,Oneiroi,Befaco Oneiroi,2,2,2026-04-10,2026-05-01,1
Befaco,Oneiroi Pod,Befaco Oneiroi Pod,1,1,2026-03-08,2026-03-08,0
Befaco,Rampage,Befaco Rampage,0,0,,,0
Befaco,Spring Reverb,Befaco Spring Reverb,0,0,,,0
Befaco,VC ADSR,Befaco VC ADSR,1,1,2026-03-22,2026-03-22,0
Befaco,VCMC,Befaco VCMC,2,2,2026-03-08,2026-04-15,1
Befaco,befaco percall,Befaco befaco percall,3,3,2023-06-04,2023-08-07,0
Befaco,divkid stereo strip - befaco,Befaco divkid stereo strip - befaco,1,1,2023-08-07,2023-08-07,0
Befaco,oneiroi,Befaco oneiroi,0,0,,,0
Befaco,varios módulos diy befaco,Befaco varios módulos diy befaco,1,1,2022-12-31,2022-12-31,0
Behringer,2-XM,Behringer 2-XM,0,0,,,0
Behringer,2600,Behringer 2600,0,0,,,0
Behringer,2600 Blue Marvin,Behringer 2600 Blue Marvin,1,1,2026-04-19,2026-04-19,0
Behringer,2600 Gray Meanie,Behringer 2600 Gray Meanie,3,3,2022-12-31,2026-03-16,0
Behringer,AMP,Behringer AMP,1,1,2026-03-08,2026-03-08,0
Behringer,Arp 2600,Behringer Arp 2600,0,0,,,0
Behringer,BCF2000,Behringer BCF2000,1,1,2026-03-08,2026-03-08,0
Behringer,BDS-3,Behringer BDS-3,0,0,,,0
Behringer,BMX,Behringer BMX,0,0,,,0
Behringer,CAT,Behringer CAT,0,0,,,0
Behringer,CZ-1 Mini,Behringer CZ-1 Mini,1,1,2026-05-13,2026-05-13,0
Behringer,Crave,Behringer Crave,2,2,2026-03-16,2026-04-11,1
Behringer,"Crave,","Behringer Crave,",0,0,,,0
Behringer,DeepMind 12,Behringer DeepMind 12,10,9,2023-06-04,2026-05-10,1
Behringer,DeepMind 12 Bag/Stand,Behringer DeepMind 12 Bag/Stand,0,0,,,0
Behringer,DeepMind 12 Gator,Behringer DeepMind 12 Gator,0,0,,,0
Behringer,DeepMind 12D,Behringer DeepMind 12D,1,1,2026-04-22,2026-04-22,0
Behringer,DeepMind 12XD,Behringer DeepMind 12XD,0,0,,,0
Behringer,DeepMind 6,Behringer DeepMind 6,6,6,2023-08-07,2026-04-20,1
Behringer,DeepMind 6X,Behringer DeepMind 6X,0,0,,,0
Behringer,Deepmind 12,Behringer Deepmind 12,0,0,,,0
Behringer,"Deepmind 12 ""Leer bien""","Behringer Deepmind 12 ""Leer bien""",0,0,,,0
Behringer,Deepmind 6,Behringer Deepmind 6,0,0,,,0
Behringer,EDGE,Behringer EDGE,2,2,2026-04-04,2026-04-16,1
Behringer,Edge,Behringer Edge,2,2,2026-03-08,2026-03-28,1
Behringer,Grind,Behringer Grind,1,0,2026-03-23,2026-03-23,0
Behringer,JN-80,Behringer JN-80,0,0,,,0
Behringer,JT Mini,Behringer JT Mini,0,0,,,0
Behringer,JT-4000M Micro,Behringer JT-4000M Micro,1,1,2026-04-11,2026-04-11,0
Behringer,Jomox 999 Behringer RD9,Behringer Jomox 999 Behringer RD9,1,1,2026-04-13,2026-04-13,0
Behringer,K-2,Behringer K-2,2,2,2026-03-16,2026-05-02,1
Behringer,K-2 MKII,Behringer K-2 MKII,0,0,,,0
Behringer,K2,Behringer K2,1,1,2026-03-08,2026-03-08,0
Behringer,Kobol Expander,Behringer Kobol Expander,1,1,2026-03-23,2026-03-23,0
Behringer,LM Drum,Behringer LM Drum,0,0,,,0
Behringer,MIDI UMX49,Behringer MIDI UMX49,1,1,2026-03-30,2026-03-30,0
Behringer,MS-1,Behringer MS-1,6,6,2023-06-04,2023-08-07,0
Behringer,MS-1 MKII Grey,Behringer MS-1 MKII Grey,0,0,,,0
Behringer,MS-1 MKII Red,Behringer MS-1 MKII Red,0,0,,,0
Behringer,MS-5,Behringer MS-5,1,1,2026-03-23,2026-03-23,0
Behringer,MX882 V2 Ultralink Pro Splitter/Mixer,Behringer MX882 V2 Ultralink Pro Splitter/Mixer,0,0,,,0
Behringer,Model 15,Behringer Model 15,1,0,2026-05-08,2026-05-08,0
Behringer,Model D,Behringer Model D,3,3,2023-03-01,2026-05-13,1
Behringer,MonoPoly,Behringer MonoPoly,5,5,2022-12-31,2026-04-08,1
Behringer,Monopoly,Behringer Monopoly,0,0,,,0
Behringer,NEUTRON,Behringer NEUTRON,8,8,2022-12-31,2026-03-16,1
Behringer,Neutron,Behringer Neutron,0,0,,,0
Behringer,Odyssey,Behringer Odyssey,2,2,2026-03-08,2026-03-08,1
Behringer,PRO ONE,Behringer PRO ONE,1,1,2026-04-02,2026-04-02,0
Behringer,Phara-O Mini,Behringer Phara-O Mini,0,0,,,0
Behringer,Poly D,Behringer Poly D,1,1,2026-03-16,2026-03-16,0
Behringer,Poly-D,Behringer Poly-D,1,1,2026-03-31,2026-03-31,0
Behringer,Pro 800 / editor /,Behringer Pro 800 / editor /,2,2,2026-03-19,2026-04-15,1
Behringer,Pro VS Mini,Behringer Pro VS Mini,1,1,2026-05-14,2026-05-14,0
Behringer,Pro-1,Behringer Pro-1,2,2,2026-03-27,2026-05-02,1
Behringer,Pro-800,Behringer Pro-800,3,3,2026-03-08,2026-04-13,1
Behringer,Pro-VS Mini,Behringer Pro-VS Mini,1,1,2026-03-27,2026-03-27,0
Behringer,Proton,Behringer Proton,0,0,,,0
Behringer,RD-6,Behringer RD-6,0,0,,,0
Behringer,RD-6-RD,Behringer RD-6-RD,0,0,,,0
Behringer,RD-78,Behringer RD-78,1,1,2026-03-16,2026-03-16,0
Behringer,RD-8,Behringer RD-8,1,1,2026-03-08,2026-03-08,0
Behringer,RD-8 MK2,Behringer RD-8 MK2,1,1,2022-12-31,2022-12-31,0
Behringer,RD-8 MKII,Behringer RD-8 MKII,1,1,2022-12-31,2022-12-31,0
Behringer,RD-9,Behringer RD-9,1,1,2026-03-16,2026-03-16,0
Behringer,RD8,Behringer RD8,1,1,2026-03-08,2026-03-08,0
Behringer,Sintetizadores Behringer,Behringer Sintetizadores Behringer,1,1,2026-04-17,2026-04-17,0
Behringer,Solina,Behringer Solina,1,1,2026-03-08,2026-03-08,0
Behringer,Solina String Ensemble,Behringer Solina String Ensemble,1,1,2026-03-23,2026-03-23,0
Behringer,Spice,Behringer Spice,0,0,,,0
Behringer,Swing,Behringer Swing,0,0,,,0
Behringer,Syncussion SY-1,Behringer Syncussion SY-1,2,2,2026-03-23,2026-05-04,1
Behringer,TD-3,Behringer TD-3,0,0,,,0
Behringer,TD-3 MO,Behringer TD-3 MO,0,0,,,0
Behringer,TD-3-AM Yellow,Behringer TD-3-AM Yellow,0,0,,,0
Behringer,TD-3-LM,Behringer TD-3-LM,0,0,,,0
Behringer,TD-3-MO,Behringer TD-3-MO,0,0,,,0
Behringer,TD-3-MO-Bk,Behringer TD-3-MO-Bk,0,0,,,0
Behringer,TD-3-MO-SR,Behringer TD-3-MO-SR,0,0,,,0
Behringer,TD-3-SR,Behringer TD-3-SR,2,2,2023-06-07,2023-08-07,0
Behringer,TD-3-TG,Behringer TD-3-TG,0,0,,,0
Behringer,Toro,Behringer Toro,0,0,,,0
Behringer,UB XA,Behringer UB XA,1,1,2026-05-06,2026-05-06,0
Behringer,UB-1 Micro,Behringer UB-1 Micro,0,0,,,0
Behringer,UB-Xa,Behringer UB-Xa,0,0,,,0
Behringer,UB-Xa D,Behringer UB-Xa D,0,0,,,0
Behringer,UB-Xa Mini,Behringer UB-Xa Mini,0,0,,,0
Behringer,UD XA,Behringer UD XA,1,1,2026-03-08,2026-03-08,0
Behringer,UMX61 USB/MIDI,Behringer UMX61 USB/MIDI,1,1,2026-03-08,2026-03-08,0
Behringer,UMX610,Behringer UMX610,1,1,2026-03-08,2026-03-08,0
Behringer,Vocoder VC16,Behringer Vocoder VC16,1,1,2026-03-07,2026-03-07,0
Behringer,Vocoder VC340,Behringer Vocoder VC340,0,0,,,0
Behringer,WASP Deluxe,Behringer WASP Deluxe,1,1,2026-03-27,2026-03-27,0
Behringer,Wasp Deluxe,Behringer Wasp Deluxe,0,0,,,0
Behringer,Wave,Behringer Wave,2,1,2026-05-06,2026-05-13,0
Behringer,autocom mdx1200 behringer,Behringer autocom mdx1200 behringer,1,1,2023-08-07,2023-08-07,0
Behringer,bcr2000,Behringer bcr2000,1,1,2026-03-08,2026-03-08,0
Behringer,behringer 121,Behringer behringer 121,1,1,2023-03-01,2023-03-01,0
Behringer,behringer 2500 1033 envolvente,Behringer behringer 2500 1033 envolvente,1,1,2022-12-31,2022-12-31,0
Behringer,behringer ms 1,Behringer behringer ms 1,2,2,2022-12-31,2023-03-01,0
Behringer,behringer pro -1,Behringer behringer pro -1,3,3,2023-06-04,2023-08-07,0
Behringer,behringer pro~1 leer extras,Behringer behringer pro~1 leer extras,1,1,2023-03-01,2023-03-01,0
Behringer,behringer rd6,Behringer behringer rd6,3,3,2023-06-04,2023-08-07,0
Behringer,behringer td3,Behringer behringer td3,3,3,2023-06-04,2023-08-07,0
Behringer,caja,Behringer caja,1,1,2023-03-01,2023-03-01,0
Behringer,deepmind 12D,Behringer deepmind 12D,0,0,,,0
Behringer,fcb 1010 midi pedalboard,Behringer fcb 1010 midi pedalboard,1,1,2026-03-08,2026-03-08,0
Behringer,k2,Behringer k2,0,0,,,0
Behringer,model D,Behringer model D,0,0,,,0
Behringer,monofonico behringer td 3,Behringer monofonico behringer td 3,1,1,2023-03-01,2023-03-01,0
Behringer,proVSmini,Behringer proVSmini,1,1,2026-03-08,2026-03-08,0
Behringer,rd8 mkii,Behringer rd8 mkii,1,1,2026-04-04,2026-04-04,0
Behringer,reservada behringer td3,Behringer reservada behringer td3,1,1,2023-08-07,2023-08-07,0
Behringer,syncussion sy-1,Behringer syncussion sy-1,0,0,,,0
Behringer,ΖΗΤΗΣΗ Behringer Synths,Behringer ΖΗΤΗΣΗ Behringer Synths,1,1,2026-04-13,2026-04-13,0
Black Corporation,Dckards voice,Black Corporation Dckards voice,1,1,2026-03-27,2026-03-27,0
Black Corporation,Deckard's Dream,Black Corporation Deckard's Dream,0,0,,,0
Black Corporation,Deckard's Dream MK2,Black Corporation Deckard's Dream MK2,0,0,,,0
Black Corporation,Deckard´s Dream MKII,Black Corporation Deckard´s Dream MKII,0,0,,,0
Black Corporation,ISE-NIN,Black Corporation ISE-NIN,0,0,,,0
Black Corporation,Ischemia,Black Corporation Ischemia,0,0,,,0
Black Corporation,Xerxes,Black Corporation Xerxes,0,0,,,0
Black Corporation,Xerxes MKII,Black Corporation Xerxes MKII,0,0,,,0
Black Corporation,deckard’s voice,Black Corporation deckard’s voice,1,1,2022-12-31,2022-12-31,0
Boss,BR-1200,Boss BR-1200,0,0,,,0
Boss,BR-600,Boss BR-600,0,0,,,0
Boss,BR-800,Boss BR-800,0,0,,,0
Boss,DR-01s,Boss DR-01s,0,0,,,0
Boss,DR-110,Boss DR-110,0,0,,,0
Boss,DR-202,Boss DR-202,1,1,2026-03-30,2026-03-30,0
Boss,DR-220,Boss DR-220,0,0,,,0
Boss,DR-3,Boss DR-3,0,0,,,0
Boss,DR-5,Boss DR-5,1,1,2026-03-08,2026-03-08,0
Boss,DR-55,Boss DR-55,0,0,,,0
Boss,DR-660,Boss DR-660,1,1,2026-03-07,2026-03-07,0
Boss,DR-770,Boss DR-770,1,1,2026-03-08,2026-03-08,0
Boss,DR-880,Boss DR-880,2,2,2026-03-08,2026-04-20,1
Boss,DR770,Boss DR770,1,1,2026-03-08,2026-03-08,0
Boss,Dr550,Boss Dr550,1,1,2026-03-16,2026-03-16,0
Boss,Dr880,Boss Dr880,1,1,2026-04-08,2026-04-08,0
Boss,GR-55,Boss GR-55,0,0,,,0
Boss,JS-5 JamStation,Boss JS-5 JamStation,1,1,2026-03-23,2026-03-23,0
Boss,Modor DR-2 Drum,Boss Modor DR-2 Drum,2,2,2026-04-16,2026-05-14,1
Boss,Pioneer Toraiz SP-16 Professional /,Boss Pioneer Toraiz SP-16 Professional /,2,2,2026-03-08,2026-03-08,1
Boss,RC-202,Boss RC-202,0,0,,,0
Boss,RC-300,Boss RC-300,0,0,,,0
Boss,RC-505,Boss RC-505,2,2,2026-03-08,2026-03-08,1
Boss,RC-600,Boss RC-600,0,0,,,0
Boss,SP-202,Boss SP-202,0,0,,,0
Boss,SP-303,Boss SP-303,0,0,,,0
Boss,SP-404,Boss SP-404,0,0,,,0
Boss,SP-404 MK2,Boss SP-404 MK2,0,0,,,0
Boss,SP-404A,Boss SP-404A,0,0,,,0
Boss,SP-404SX,Boss SP-404SX,0,0,,,0
Boss,boss fs 5l pedal switch,Boss boss fs 5l pedal switch,1,1,2023-03-01,2023-03-01,0
Boss,dr 880,Boss dr 880,1,1,2026-03-08,2026-03-08,0
Boss,se pedal boss fv-500l su,Boss se pedal boss fv-500l su,1,1,2023-08-07,2023-08-07,0
Boss,Πωλειται το midi Boss bl,Boss Πωλειται το midi Boss bl,1,1,2026-03-08,2026-03-08,0
Buchla,100 Series,Buchla 100 Series,0,0,,,0
Buchla,200 Series,Buchla 200 Series,0,0,,,0
Buchla,200e Series,Buchla 200e Series,0,0,,,0
Buchla,Easel Command,Buchla Easel Command,1,1,2022-12-31,2022-12-31,0
Buchla,Lightning,Buchla Lightning,0,0,,,0
Buchla,Music Easel,Buchla Music Easel,2,2,2026-03-08,2026-03-16,1
Buchla,Skylab,Buchla Skylab,0,0,,,0
Buchla,Thunder,Buchla Thunder,0,0,,,0
Casio,- CASIOTONE 101,Casio - CASIOTONE 101,1,1,2026-03-08,2026-03-08,0
Casio,100 EURO CASIO CA-100 LAST,Casio 100 EURO CASIO CA-100 LAST,1,1,2026-03-08,2026-03-08,0
Casio,AP750 white,Casio AP750 white,1,1,2026-03-16,2026-03-16,0
Casio,CA-100 αρμονιάκι,Casio CA-100 αρμονιάκι,1,1,2026-03-08,2026-03-08,0
Casio,CKT-496,Casio CKT-496,1,1,2026-03-08,2026-03-08,0
Casio,CT 410V,Casio CT 410V,1,0,2026-03-16,2026-03-16,0
Casio,CT-370,Casio CT-370,0,0,,,0
Casio,"CT-410V Vintage / (Japan, 80s)","Casio CT-410V Vintage / (Japan, 80s)",1,1,2026-03-08,2026-03-08,0
Casio,CT-810,Casio CT-810,0,0,,,0
Casio,CT-S1 RED,Casio CT-S1 RED,1,1,2026-03-08,2026-03-08,0
Casio,CT-S1 White Casiotone,Casio CT-S1 White Casiotone,1,1,2026-03-08,2026-03-08,0
Casio,CT-S1000V -,Casio CT-S1000V -,1,1,2026-04-26,2026-04-26,0
Casio,CT-S1BK,Casio CT-S1BK,1,1,2026-04-17,2026-04-17,0
Casio,CT-S500,Casio CT-S500,2,2,2026-03-08,2026-03-08,1
Casio,CT-X5000,Casio CT-X5000,0,0,,,0
Casio,CT-X700,Casio CT-X700,0,0,,,0
Casio,CT-X800,Casio CT-X800,0,0,,,0
Casio,CTK 496,Casio CTK 496,1,1,2026-03-08,2026-03-08,0
Casio,CTK-485 ΑΡΙΣΤΗ ΚΑΤΑΣΤΑΣΗ,Casio CTK-485 ΑΡΙΣΤΗ ΚΑΤΑΣΤΑΣΗ,1,1,2026-03-08,2026-03-08,0
Casio,CTK-731,Casio CTK-731,1,1,2026-03-08,2026-03-08,0
Casio,CTS-400,Casio CTS-400,1,1,2026-04-20,2026-04-20,0
Casio,CZ-1,Casio CZ-1,1,1,2026-03-08,2026-03-08,0
Casio,CZ-1000,Casio CZ-1000,0,0,,,0
Casio,CZ-101,Casio CZ-101,1,1,2026-03-08,2026-03-08,0
Casio,CZ-230S,Casio CZ-230S,0,0,,,0
Casio,CZ-3000,Casio CZ-3000,0,0,,,0
Casio,CZ-5000,Casio CZ-5000,0,0,,,0
Casio,CZ101 sinte distorsión,Casio CZ101 sinte distorsión,1,1,2026-04-19,2026-04-19,0
Casio,Caja,Casio Caja,1,1,2026-03-19,2026-03-19,0
Casio,Casio HT3000,Casio Casio HT3000,1,1,2026-04-08,2026-04-08,0
Casio,Casiotone 405,Casio Casiotone 405,1,1,2026-03-07,2026-03-07,0
Casio,Casiotone 610,Casio Casiotone 610,1,1,2026-03-08,2026-03-08,0
Casio,Cz5000 Cosmo,Casio Cz5000 Cosmo,1,1,2026-03-08,2026-03-08,0
Casio,DG20 Guitar Midi,Casio DG20 Guitar Midi,1,1,2026-03-08,2026-03-08,0
Casio,FZ-1,Casio FZ-1,0,0,,,0
Casio,FZ-20M,Casio FZ-20M,0,0,,,0
Casio,HT-3000,Casio HT-3000,1,1,2026-04-08,2026-04-08,0
Casio,HT-6000,Casio HT-6000,0,0,,,0
Casio,HT-700,Casio HT-700,0,0,,,0
Casio,MT 110,Casio MT 110,1,1,2026-03-08,2026-03-08,0
Casio,MT-200,Casio MT-200,0,0,,,0
Casio,MT-400,Casio MT-400,0,0,,,0
Casio,MT-500,Casio MT-500,0,0,,,0
Casio,MT-800,Casio MT-800,0,0,,,0
Casio,PT-10,Casio PT-10,1,1,2026-03-08,2026-03-08,0
Casio,PT-80,Casio PT-80,1,1,2026-04-29,2026-04-29,0
Casio,PX-560,Casio PX-560,1,1,2026-03-08,2026-03-08,0
Casio,PX-5S,Casio PX-5S,0,0,,,0
Casio,PX-870,Casio PX-870,1,1,2026-05-13,2026-05-13,0
Casio,PX-S 1000 Casio previa,Casio PX-S 1000 Casio previa,1,1,2026-03-08,2026-03-08,0
Casio,PX-S1100,Casio PX-S1100,0,0,,,0
Casio,PX-S3100,Casio PX-S3100,0,0,,,0
Casio,SA 35,Casio SA 35,1,1,2026-03-08,2026-03-08,0
Casio,SA-51,Casio SA-51,1,1,2026-03-08,2026-03-08,0
Casio,SK-1,Casio SK-1,1,1,2026-03-08,2026-03-08,0
Casio,SK-10,Casio SK-10,0,0,,,0
Casio,SK-2100 Sampling (rare),Casio SK-2100 Sampling (rare),1,1,2026-03-08,2026-03-08,0
Casio,SK-5,Casio SK-5,0,0,,,0
Casio,ST100,Casio ST100,1,1,2026-03-08,2026-03-08,0
Casio,SZ-1,Casio SZ-1,2,2,2026-03-08,2026-03-16,1
Casio,VL-TONE VL-1,Casio VL-TONE VL-1,0,0,,,0
Casio,VZ-1,Casio VZ-1,0,0,,,0
Casio,VZ-10M,Casio VZ-10M,0,0,,,0
Casio,VZ-8M,Casio VZ-8M,0,0,,,0
Casio,Vintage Casiotone CT 102,Casio Vintage Casiotone CT 102,1,1,2026-03-08,2026-03-08,0
Casio,Vintage Βάση Casio CS-2 Black,Casio Vintage Βάση Casio CS-2 Black,1,1,2026-03-08,2026-03-08,0
Casio,XW-G1,Casio XW-G1,1,1,2026-05-02,2026-05-02,0
Casio,casio ctk-50,Casio casio ctk-50,1,1,2023-08-07,2023-08-07,0
Casio,casio ctk631,Casio casio ctk631,3,3,2023-06-04,2023-08-07,0
Casio,casio vl-tone vl-1,Casio casio vl-tone vl-1,9,9,2022-12-31,2026-04-09,0
Casio,casio wk 1200,Casio casio wk 1200,1,1,2023-03-01,2023-03-01,0
Casio,cz 5000,Casio cz 5000,1,1,2026-03-08,2026-03-08,0
Casio,mini casio vl-tone vl-1,Casio mini casio vl-tone vl-1,0,0,,,0
Casio,poly casio vl-5 vl1 poly,Casio poly casio vl-5 vl1 poly,1,1,2023-03-01,2023-03-01,0
Casio,rz-1,Casio rz-1,1,1,2026-03-08,2026-03-08,0
Casio,Αρμόνιο Casio,Casio Αρμόνιο Casio,1,1,2026-03-08,2026-03-08,0
Casio,Αρμόνιο Casio CT-S300,Casio Αρμόνιο Casio CT-S300,1,1,2026-03-08,2026-03-08,0
Casio,Αρμόνιο Casio CTK-1100,Casio Αρμόνιο Casio CTK-1100,1,1,2026-03-08,2026-03-08,0
Casio,Αρμόνιο casio ST-300,Casio Αρμόνιο casio ST-300,1,1,2026-04-17,2026-04-17,0
Casio,Αρμόνιο- Casio CT-700 NEW,Casio Αρμόνιο- Casio CT-700 NEW,1,1,2026-03-23,2026-03-23,0
Casio,Πωλείται: CASIO αρμόνιο CTK -,Casio Πωλείται: CASIO αρμόνιο CTK -,1,1,2026-03-23,2026-03-23,0
Casio,Φορητό αρμόνιο CASIO CT-670,Casio Φορητό αρμόνιο CASIO CT-670,1,1,2026-03-08,2026-03-08,0
Clavia Nord,Drum 3P,Clavia Nord Drum 3P,0,0,,,0
Clavia Nord,Lead A1,Clavia Nord Lead A1,0,0,,,0
Clavia Nord,Wave 2,Clavia Nord Wave 2,0,0,,,0
Critter & Guitari,Bolsa Bass,Critter & Guitari Bolsa Bass,0,0,,,0
Critter & Guitari,ETC,Critter & Guitari ETC,0,0,,,0
Critter & Guitari,Organelle,Critter & Guitari Organelle,3,3,2023-03-01,2026-03-08,1
Critter & Guitari,Organelle 1,Critter & Guitari Organelle 1,0,0,,,0
Critter & Guitari,Organelle M,Critter & Guitari Organelle M,0,0,,,0
Critter & Guitari,Pocket Piano,Critter & Guitari Pocket Piano,0,0,,,0
Crumar,Bit 01,Crumar Bit 01,0,0,,,0
Crumar,Bit 99,Crumar Bit 99,0,0,,,0
Crumar,Bit One,Crumar Bit One,0,0,,,0
Crumar,DS-2,Crumar DS-2,1,1,2026-03-23,2026-03-23,0
Crumar,DS2 1978,Crumar DS2 1978,1,1,2026-04-08,2026-04-08,0
Crumar,Mojo 61 Black Edition,Crumar Mojo 61 Black Edition,1,1,2026-04-05,2026-04-05,0
Crumar,Mojo 61 LIMITED EDITION BLACK,Crumar Mojo 61 LIMITED EDITION BLACK,1,1,2026-04-08,2026-04-08,0
Crumar,Multiman-S,Crumar Multiman-S,0,0,,,0
Crumar,Orchestrator,Crumar Orchestrator,0,0,,,0
Crumar,Performer,Crumar Performer,0,0,,,0
Crumar,Roadrunner 2,Crumar Roadrunner 2,1,1,2026-04-13,2026-04-13,0
Crumar,Spirit,Crumar Spirit,0,0,,,0
Crumar,T1,Crumar T1,0,0,,,0
Crumar,T2,Crumar T2,0,0,,,0
Crumar,TRILOGY analog,Crumar TRILOGY analog,1,1,2026-03-08,2026-03-08,0
Crumar,crumar mojo clasic v2 preciosidad,Crumar crumar mojo clasic v2 preciosidad,1,1,2023-03-01,2023-03-01,0
Crumar,siel orchestra 2,Crumar siel orchestra 2,1,1,2022-12-31,2022-12-31,0
Crumar,vintage,Crumar vintage,1,1,2026-03-08,2026-03-08,0
Crumar,Πωληται crumar roadly,Crumar Πωληται crumar roadly,1,1,2026-03-08,2026-03-08,0
Cwejman,ADSR-VC2 Dual VC Transient Generator,Cwejman ADSR-VC2 Dual VC Transient Generator,1,1,2026-04-02,2026-04-02,0
Cwejman,RES 4,Cwejman RES 4,1,1,2026-04-11,2026-04-11,0
Cwejman,RG-6,Cwejman RG-6,0,0,,,0
Cwejman,S1 MK2,Cwejman S1 MK2,0,0,,,0
Cwejman,VM-1,Cwejman VM-1,0,0,,,0
Cyclone Analogic,Beat Bot,Cyclone Analogic Beat Bot,0,0,,,0
Cyclone Analogic,TT-303,Cyclone Analogic TT-303,0,0,,,0
Cyclone Analogic,TT-303 Bass Bot,Cyclone Analogic TT-303 Bass Bot,0,0,,,0
Cyclone Analogic,TT-303 Bass Bot Space Black,Cyclone Analogic TT-303 Bass Bot Space Black,0,0,,,0
Cyclone Analogic,TT-303 Bass Bot V2,Cyclone Analogic TT-303 Bass Bot V2,3,3,2023-06-04,2023-08-07,0
Cyclone Analogic,TT-303 V2,Cyclone Analogic TT-303 V2,0,0,,,0
Cyclone Analogic,TT-606,Cyclone Analogic TT-606,0,0,,,0
Cyclone Analogic,TT-78,Cyclone Analogic TT-78,0,0,,,0
Cyclone Analogic,TT-78 Beat Bot,Cyclone Analogic TT-78 Beat Bot,0,0,,,0
Dato,DRUM,Dato DRUM,0,0,,,0
Dato,DUO,Dato DUO,0,0,,,0
Dexibell,VIVO SX-8,Dexibell VIVO SX-8,0,0,,,0
Digitech,SDRUM Strummable Drums,Digitech SDRUM Strummable Drums,0,0,,,0
Dirtywave,M8 Tracker,Dirtywave M8 Tracker,0,0,,,0
Doepfer,A-100 LC6,Doepfer A-100 LC6,1,1,2026-05-13,2026-05-13,0
Doepfer,A-100 low cost( sólo bus,Doepfer A-100 low cost( sólo bus,1,1,2026-03-16,2026-03-16,0
Doepfer,A-100BS2-P9 PSU3,Doepfer A-100BS2-P9 PSU3,0,0,,,0
Doepfer,A-100LC3v,Doepfer A-100LC3v,1,1,2026-03-27,2026-03-27,0
Doepfer,A-100LC9 Low Cost Case,Doepfer A-100LC9 Low Cost Case,1,1,2026-03-08,2026-03-08,0
Doepfer,A-111 5 Vintage Edition( ),Doepfer A-111 5 Vintage Edition( ),1,1,2026-05-06,2026-05-06,0
Doepfer,A-111-6 Vintage,Doepfer A-111-6 Vintage,1,1,2026-04-16,2026-04-16,0
Doepfer,A-120 VCF1,Doepfer A-120 VCF1,1,1,2026-03-08,2026-03-08,0
Doepfer,A-124 VCF5 WASP FILTER,Doepfer A-124 VCF5 WASP FILTER,1,1,2026-04-03,2026-04-03,0
Doepfer,A-135-1 QVCA / VC MIX,Doepfer A-135-1 QVCA / VC MIX,1,1,2026-04-06,2026-04-06,0
Doepfer,A-138 Performance mixer - 3,Doepfer A-138 Performance mixer - 3,1,1,2026-03-08,2026-03-08,0
Doepfer,A-138b mixer,Doepfer A-138b mixer,1,1,2026-03-08,2026-03-08,0
Doepfer,A-146 LFO II,Doepfer A-146 LFO II,1,1,2026-03-08,2026-03-08,0
Doepfer,A-147-2 VCDLFO,Doepfer A-147-2 VCDLFO,1,1,2026-03-31,2026-03-31,0
Doepfer,A-155,Doepfer A-155,1,1,2026-03-27,2026-03-27,0
Doepfer,A-157 Subsystem,Doepfer A-157 Subsystem,1,1,2026-03-27,2026-03-27,0
Doepfer,A-160,Doepfer A-160,1,1,2026-03-08,2026-03-08,0
Doepfer,A100 P9,Doepfer A100 P9,1,1,2026-05-10,2026-05-10,0
Doepfer,A143-3 Quad LFO.,Doepfer A143-3 Quad LFO.,1,1,2026-03-08,2026-03-08,0
Doepfer,A190-4.,Doepfer A190-4.,1,1,2026-03-08,2026-03-08,0
Doepfer,Caja Doepfer LC6v.,Doepfer Caja Doepfer LC6v.,1,1,2026-03-16,2026-03-16,0
Doepfer,Dark Energy,Doepfer Dark Energy,0,0,,,0
Doepfer,Dark Energy II,Doepfer Dark Energy II,1,1,2026-03-08,2026-03-08,0
Doepfer,Dark Energy III,Doepfer Dark Energy III,0,0,,,0
Doepfer,Dark Time,Doepfer Dark Time,3,3,2026-03-08,2026-04-24,1
Doepfer,MSY2,Doepfer MSY2,0,0,,,0
Doepfer,Pocket Dial,Doepfer Pocket Dial,1,1,2026-03-22,2026-03-22,0
Doepfer,Quad LFO A-145-4 V.Edition.( ),Doepfer Quad LFO A-145-4 V.Edition.( ),1,1,2026-05-06,2026-05-06,0
Doepfer,Secuenciador Doepfer Dark Time,Doepfer Secuenciador Doepfer Dark Time,0,0,,,0
Doepfer,WASP FILTER ( )Silver,Doepfer WASP FILTER ( )Silver,1,1,2026-05-06,2026-05-06,0
Doepfer,dark link,Doepfer dark link,1,1,2026-04-16,2026-04-16,0
Doepfer,doepfer a-100 p9,Doepfer doepfer a-100 p9,1,1,2022-12-31,2022-12-31,0
Doepfer,doepfer a-100lc3v low cost case,Doepfer doepfer a-100lc3v low cost case,5,5,2022-12-31,2023-08-07,0
Doepfer,doepfer a-138b exp mixer,Doepfer doepfer a-138b exp mixer,1,1,2023-08-07,2023-08-07,0
Doepfer,doepfer a-143-2 quad adsr,Doepfer doepfer a-143-2 quad adsr,1,1,2023-03-01,2023-03-01,0
Doepfer,doepfer a-147-2v vclfo,Doepfer doepfer a-147-2v vclfo,1,1,2023-03-01,2023-03-01,0
Doepfer,doepfer a-192-2,Doepfer doepfer a-192-2,1,1,2023-08-07,2023-08-07,0
Doepfer,doepfer mcv4,Doepfer doepfer mcv4,1,1,2022-12-31,2022-12-31,0
Doepfer,doepfer mixer a138b,Doepfer doepfer mixer a138b,1,1,2023-03-01,2023-03-01,0
Doepfer,midi DOEPFER PK88,Doepfer midi DOEPFER PK88,1,1,2026-04-17,2026-04-17,0
Dreadbox,Abyss,Dreadbox Abyss,5,5,2022-12-31,2023-08-07,0
Dreadbox,Artemis,Dreadbox Artemis,0,0,,,0
Dreadbox,Ataxia Dual Modulator with 3,Dreadbox Ataxia Dual Modulator with 3,1,1,2026-03-08,2026-03-08,0
Dreadbox,Erebus,Dreadbox Erebus,7,6,2023-06-04,2026-03-23,1
Dreadbox,Erebus 3,Dreadbox Erebus 3,0,0,,,0
Dreadbox,Erebus Reissue,Dreadbox Erebus Reissue,1,1,2026-03-08,2026-03-08,0
Dreadbox,Erebus V3,Dreadbox Erebus V3,1,1,2026-05-01,2026-05-01,0
Dreadbox,Erebus V3 σαν καινούργιο,Dreadbox Erebus V3 σαν καινούργιο,1,1,2026-04-29,2026-04-29,0
Dreadbox,Hades Reissue,Dreadbox Hades Reissue,0,0,,,0
Dreadbox,Hypnosis,Dreadbox Hypnosis,0,0,,,0
Dreadbox,Komorebi,Dreadbox Komorebi,0,0,,,0
Dreadbox,LYRA 8 ORGANISMIC,Dreadbox LYRA 8 ORGANISMIC,1,1,2026-03-08,2026-03-08,0
Dreadbox,Medusa,Dreadbox Medusa,7,7,2022-12-31,2026-03-28,1
Dreadbox,Nymphes,Dreadbox Nymphes,4,4,2022-12-31,2026-03-31,1
Dreadbox,Nyx,Dreadbox Nyx,1,1,2023-08-07,2023-08-07,0
Dreadbox,Nyx 2,Dreadbox Nyx 2,0,0,,,0
Dreadbox,Nyx RE,Dreadbox Nyx RE,1,1,2026-03-16,2026-03-16,0
Dreadbox,RANDOM.,Dreadbox RANDOM.,1,1,2026-03-08,2026-03-08,0
Dreadbox,Typhon,Dreadbox Typhon,7,7,2022-12-31,2026-03-08,1
Dreadbox,Typhoon Δεκτες ανταλλαγές,Dreadbox Typhoon Δεκτες ανταλλαγές,1,1,2026-03-08,2026-03-08,0
Dreadbox,Utopia CV Audio Manipulator,Dreadbox Utopia CV Audio Manipulator,1,1,2026-03-08,2026-03-08,0
Dreadbox,dreadbox nostalgia,Dreadbox dreadbox nostalgia,1,1,2023-03-01,2023-03-01,0
Dtronics,DT-DX,Dtronics DT-DX,0,0,,,0
E-mu,Beat 6,E-mu Beat 6,0,0,,,0
E-mu,Carnaval,E-mu Carnaval,0,0,,,0
E-mu,Command Station,E-mu Command Station,1,1,2026-04-05,2026-04-05,0
E-mu,E-6400,E-mu E-6400,0,0,,,0
E-mu,E-IV,E-mu E-IV,0,0,,,0
E-mu,E-MU E5000 Ultra ¡ UNICA!,E-mu E-MU E5000 Ultra ¡ UNICA!,1,1,2026-04-06,2026-04-06,0
E-mu,E-Synth,E-mu E-Synth,0,0,,,0
E-mu,ESI-32,E-mu ESI-32,0,0,,,0
E-mu,Emax,E-mu Emax,0,0,,,0
E-mu,Emax II,E-mu Emax II,0,0,,,0
E-mu,Emu ESI 32,E-mu Emu ESI 32,1,1,2026-05-07,2026-05-07,0
E-mu,Emulator I,E-mu Emulator I,0,0,,,0
E-mu,Emulator II,E-mu Emulator II,0,0,,,0
E-mu,Emulator III,E-mu Emulator III,0,0,,,0
E-mu,Emulator IV,E-mu Emulator IV,0,0,,,0
E-mu,Emulator X,E-mu Emulator X,0,0,,,0
E-mu,Mo-Phatt,E-mu Mo-Phatt,0,0,,,0
E-mu,Morpheus,E-mu Morpheus,0,0,,,0
E-mu,Orbit,E-mu Orbit,1,1,2026-03-31,2026-03-31,0
E-mu,Orbit 9090,E-mu Orbit 9090,0,0,,,0
E-mu,Orbit V2,E-mu Orbit V2,0,0,,,0
E-mu,Planet Phatt,E-mu Planet Phatt,0,0,,,0
E-mu,Proteus 1,E-mu Proteus 1,0,0,,,0
E-mu,Proteus 2,E-mu Proteus 2,0,0,,,0
E-mu,Proteus 2000,E-mu Proteus 2000,6,6,2022-12-31,2023-08-07,0
E-mu,Proteus 2500,E-mu Proteus 2500,0,0,,,0
E-mu,Proteus 3,E-mu Proteus 3,0,0,,,0
E-mu,Proteus MPS,E-mu Proteus MPS,0,0,,,0
E-mu,Proteus X,E-mu Proteus X,0,0,,,0
E-mu,SP-12,E-mu SP-12,0,0,,,0
E-mu,SP-1200,E-mu SP-1200,0,0,,,0
E-mu,STUDIOLOGIC SL88 KAI EMU SYSTEMS,E-mu STUDIOLOGIC SL88 KAI EMU SYSTEMS,1,1,2026-04-20,2026-04-20,0
E-mu,Ultraproteus,E-mu Ultraproteus,0,0,,,0
E-mu,Vintage Keys,E-mu Vintage Keys,0,0,,,0
E-mu,Vintage Keys Plus,E-mu Vintage Keys Plus,0,0,,,0
E-mu,Virtuoso 2000,E-mu Virtuoso 2000,0,0,,,0
E-mu,Xtreme Lead,E-mu Xtreme Lead,0,0,,,0
E-mu,e-mu 5000 ultra,E-mu e-mu 5000 ultra,1,1,2023-08-07,2023-08-07,0
E-mu,e-mu systems procussion,E-mu e-mu systems procussion,2,2,2022-12-31,2023-03-01,0
E-mu,emu emu esi 2000,E-mu emu emu esi 2000,1,1,2023-08-07,2023-08-07,0
E-mu,τσαντα,E-mu τσαντα,0,0,,,0
EMS,Putney,EMS Putney,0,0,,,0
EMS,Synthi 100,EMS Synthi 100,0,0,,,0
EMS,Synthi A,EMS Synthi A,0,0,,,0
EMS,Synthi AKS,EMS Synthi AKS,0,0,,,0
EMS,VCS3,EMS VCS3,0,0,,,0
ESI,XSynth,ESI XSynth,0,0,,,0
Elektron,- Model:Cycles,Elektron - Model:Cycles,0,0,,,0
Elektron,Analog 4,Elektron Analog 4,1,1,2026-04-04,2026-04-04,0
Elektron,Analog 4 MKII,Elektron Analog 4 MKII,1,1,2026-03-08,2026-03-08,0
Elektron,Analog Drive,Elektron Analog Drive,0,0,,,0
Elektron,Analog Four,Elektron Analog Four,1,1,2026-03-08,2026-03-08,0
Elektron,Analog Four Keys,Elektron Analog Four Keys,1,1,2026-03-08,2026-03-08,0
Elektron,Analog Four MK1,Elektron Analog Four MK1,4,4,2022-12-31,2026-03-16,1
Elektron,Analog Four MK2,Elektron Analog Four MK2,3,3,2026-03-08,2026-03-31,1
Elektron,Analog Four MKII 4-Voice Tabletop,Elektron Analog Four MKII 4-Voice Tabletop,1,1,2026-03-08,2026-03-08,0
Elektron,Analog Four MKII Black,Elektron Analog Four MKII Black,0,0,,,0
Elektron,Analog Four MkI,Elektron Analog Four MkI,1,1,2026-04-23,2026-04-23,0
Elektron,Analog Heat,Elektron Analog Heat,3,3,2023-06-04,2023-08-07,0
Elektron,Analog Heat MK2,Elektron Analog Heat MK2,0,0,,,0
Elektron,Analog Heat MKII,Elektron Analog Heat MKII,0,0,,,0
Elektron,Analog Keys,Elektron Analog Keys,2,2,2023-03-01,2026-03-16,0
Elektron,Analog Rytm MK1,Elektron Analog Rytm MK1,4,4,2023-06-04,2026-03-08,0
Elektron,Analog Rytm MK2,Elektron Analog Rytm MK2,3,3,2023-03-01,2026-03-31,1
Elektron,Analog Rytm MKI,Elektron Analog Rytm MKI,7,7,2022-12-31,2026-03-27,1
Elektron,Analog Rytm MKII Black,Elektron Analog Rytm MKII Black,1,1,2023-08-07,2023-08-07,0
Elektron,Analog four mkII,Elektron Analog four mkII,1,1,2026-03-08,2026-03-08,0
Elektron,DIGITONE OG IMPOLUTA,Elektron DIGITONE OG IMPOLUTA,1,1,2026-04-17,2026-04-17,0
Elektron,Digitakt,Elektron Digitakt,12,12,2026-03-08,2026-04-20,1
Elektron,Digitakt 2,Elektron Digitakt 2,2,2,2026-04-05,2026-05-10,1
Elektron,Digitakt II,Elektron Digitakt II,1,1,2026-03-08,2026-03-08,0
Elektron,Digitakt MK1,Elektron Digitakt MK1,1,0,2026-04-18,2026-04-18,0
Elektron,Digitone,Elektron Digitone,16,15,2023-06-04,2026-05-09,1
Elektron,Digitone II,Elektron Digitone II,3,3,2026-03-07,2026-03-19,1
Elektron,Digitone Keys,Elektron Digitone Keys,1,1,2022-12-31,2022-12-31,0
Elektron,Digitone MK1,Elektron Digitone MK1,1,1,2026-04-06,2026-04-06,0
Elektron,Machinedrum MKII,Elektron Machinedrum MKII,1,1,2026-03-22,2026-03-22,0
Elektron,Machinedrum SPS-1,Elektron Machinedrum SPS-1,4,4,2026-03-08,2026-03-27,1
Elektron,Machinedrum SPS-1 MK1,Elektron Machinedrum SPS-1 MK1,0,0,,,0
Elektron,Machinedrum SPS-1 MK2,Elektron Machinedrum SPS-1 MK2,0,0,,,0
Elektron,Machinedrum SPS-1 UW,Elektron Machinedrum SPS-1 UW,0,0,,,0
Elektron,Machinedrum SPS-1 UW MK1,Elektron Machinedrum SPS-1 UW MK1,0,0,,,0
Elektron,Machinedrum SPS-1 UW MK2,Elektron Machinedrum SPS-1 UW MK2,0,0,,,0
Elektron,Machinedrum SPS-1UW,Elektron Machinedrum SPS-1UW,1,1,2026-05-02,2026-05-02,0
Elektron,Machinerum SPS-1 MKI,Elektron Machinerum SPS-1 MKI,1,1,2026-05-13,2026-05-13,0
Elektron,Model Cycles,Elektron Model Cycles,0,0,,,0
Elektron,Model:Cycles,Elektron Model:Cycles,2,2,2026-04-04,2026-04-15,1
Elektron,Model:Samples,Elektron Model:Samples,2,2,2026-03-08,2026-03-08,1
Elektron,Monomachine SFX-6,Elektron Monomachine SFX-6,0,0,,,0
Elektron,Monomachine SFX-60,Elektron Monomachine SFX-60,0,0,,,0
Elektron,Monomachine SFX-60 MK1,Elektron Monomachine SFX-60 MK1,0,0,,,0
Elektron,Monomachine SFX-60 MK2,Elektron Monomachine SFX-60 MK2,0,0,,,0
Elektron,Monomachine SFX-60+,Elektron Monomachine SFX-60+,0,0,,,0
Elektron,Monomachine SFX60 MKII,Elektron Monomachine SFX60 MKII,1,0,2026-05-14,2026-05-14,0
Elektron,Octatrack,Elektron Octatrack,4,3,2026-03-08,2026-04-16,1
Elektron,Octatrack MK1,Elektron Octatrack MK1,6,6,2023-06-04,2026-04-02,1
Elektron,Octatrack MK2,Elektron Octatrack MK2,1,1,2026-03-16,2026-03-16,0
Elektron,Octatrack MKI (Como nueva),Elektron Octatrack MKI (Como nueva),0,0,,,0
Elektron,Octatrack MKII Black,Elektron Octatrack MKII Black,0,0,,,0
Elektron,"Octatrack,RYTM,A4 επισκευή ENCODERS","Elektron Octatrack,RYTM,A4 επισκευή ENCODERS",0,0,,,0
Elektron,SoundPack for Digitone I &2,Elektron SoundPack for Digitone I &2,1,1,2026-04-08,2026-04-08,0
Elektron,Syntakt,Elektron Syntakt,14,14,2023-06-04,2026-05-13,1
Elektron,Tonverk,Elektron Tonverk,0,0,,,0
Elektron,analog four mki,Elektron analog four mki,1,1,2023-08-07,2023-08-07,0
Elektron,analog rytm,Elektron analog rytm,0,0,,,0
Elektron,cambio modulos X Perkons HD,Elektron cambio modulos X Perkons HD,1,0,2026-03-27,2026-03-27,0
Elektron,digitone,Elektron digitone,0,0,,,0
Elektron,digitone 2,Elektron digitone 2,1,1,2026-04-18,2026-04-18,0
Elektron,elektron analog rythm mki,Elektron elektron analog rythm mki,3,3,2023-06-04,2023-08-07,0
Elektron,elektron analog rytm,Elektron elektron analog rytm,2,2,2023-03-01,2026-03-23,0
Elektron,elektron análog four,Elektron elektron análog four,1,1,2022-12-31,2022-12-31,0
Elektron,elektron four,Elektron elektron four,3,3,2023-06-04,2023-08-07,0
Elektron,elektron machinedrum sps-i uw,Elektron elektron machinedrum sps-i uw,2,2,2023-06-07,2023-08-07,0
Elektron,elektron model cycles,Elektron elektron model cycles,2,2,2022-12-31,2026-05-07,0
Elektron,elektron sps-1 mk-i,Elektron elektron sps-1 mk-i,1,1,2022-12-31,2022-12-31,0
Elektron,octatrack elektron octatrack mki,Elektron octatrack elektron octatrack mki,5,5,2022-12-31,2023-08-07,0
Elektron,octatrack octatrack mk ii,Elektron octatrack octatrack mk ii,3,3,2023-06-04,2023-08-07,0
Elektron,packs,Elektron packs,1,1,2022-12-31,2022-12-31,0
Embodme,Erae Touch,Embodme Erae Touch,0,0,,,0
Empress,ZOIA,Empress ZOIA,3,3,2022-12-31,2026-03-16,0
Empress,empress reverb,Empress empress reverb,1,1,2023-03-01,2023-03-01,0
Endorphin.es,Evil Pet,Endorphin.es Evil Pet,0,0,,,0
Endorphin.es,Furthrrrr Generator,Endorphin.es Furthrrrr Generator,1,1,2023-08-07,2023-08-07,0
Endorphin.es,Ghost,Endorphin.es Ghost,0,0,,,0
Endorphin.es,Shuttle System,Endorphin.es Shuttle System,1,1,2026-03-16,2026-03-16,0
Endorphin.es,endorphin es - squawk dirty,Endorphin.es endorphin es - squawk dirty,3,3,2023-06-04,2023-08-07,0
Endorphin.es,endorphin es queen of pentacles,Endorphin.es endorphin es queen of pentacles,1,1,2022-12-31,2022-12-31,0
Ensoniq,ASR-10,Ensoniq ASR-10,0,0,,,0
Ensoniq,ASR-10R,Ensoniq ASR-10R,0,0,,,0
Ensoniq,ASR-X,Ensoniq ASR-X,0,0,,,0
Ensoniq,ASR-X Pro,Ensoniq ASR-X Pro,0,0,,,0
Ensoniq,Avista 7600,Ensoniq Avista 7600,1,1,2026-05-02,2026-05-02,0
Ensoniq,EPS,Ensoniq EPS,2,2,2026-03-08,2026-03-16,1
Ensoniq,EPS-16+,Ensoniq EPS-16+,0,0,,,0
Ensoniq,ESQ-1,Ensoniq ESQ-1,0,0,,,0
Ensoniq,ESQ1,Ensoniq ESQ1,1,1,2026-03-16,2026-03-16,0
Ensoniq,Fizmo,Ensoniq Fizmo,1,1,2026-03-08,2026-03-08,0
Ensoniq,KS-32,Ensoniq KS-32,0,0,,,0
Ensoniq,MR-61,Ensoniq MR-61,0,0,,,0
Ensoniq,MR-76,Ensoniq MR-76,0,0,,,0
Ensoniq,Mirage,Ensoniq Mirage,0,0,,,0
Ensoniq,Mirage DMS-8,Ensoniq Mirage DMS-8,0,0,,,0
Ensoniq,Mirage DSK-8,Ensoniq Mirage DSK-8,0,0,,,0
Ensoniq,SD-1,Ensoniq SD-1,1,1,2026-03-31,2026-03-31,0
Ensoniq,SD-1 32V,Ensoniq SD-1 32V,0,0,,,0
Ensoniq,SQ-2,Ensoniq SQ-2,0,0,,,0
Ensoniq,SQ-80,Ensoniq SQ-80,0,0,,,0
Ensoniq,TS-10,Ensoniq TS-10,0,0,,,0
Ensoniq,TS-12,Ensoniq TS-12,0,0,,,0
Ensoniq,VFX,Ensoniq VFX,1,1,2026-03-19,2026-03-19,0
Ensoniq,VFX-SD,Ensoniq VFX-SD,0,0,,,0
Ensoniq,ensoniq mc-32,Ensoniq ensoniq mc-32,1,1,2022-12-31,2022-12-31,0
Erica Synths,- LXR-02,Erica Synths - LXR-02,0,0,,,0
Erica Synths,Bass Drum,Erica Synths Bass Drum,1,1,2026-04-03,2026-04-03,0
Erica Synths,Bass Drum 1,Erica Synths Bass Drum 1,1,1,2026-04-15,2026-04-15,0
Erica Synths,Bassline,Erica Synths Bassline,1,1,2026-03-08,2026-03-08,0
Erica Synths,Bassline DB-01,Erica Synths Bassline DB-01,1,1,2026-03-08,2026-03-08,0
Erica Synths,Black System III,Erica Synths Black System III,0,0,,,0
Erica Synths,Bullfrog,Erica Synths Bullfrog,0,0,,,0
Erica Synths,Bullfrog XL,Erica Synths Bullfrog XL,0,0,,,0
Erica Synths,Cymbals,Erica Synths Cymbals,1,1,2026-04-12,2026-04-12,0
Erica Synths,Drum Sequencer,Erica Synths Drum Sequencer,0,0,,,0
Erica Synths,Drum Synthesizer LXR-02,Erica Synths Drum Synthesizer LXR-02,0,0,,,0
Erica Synths,Erica Stereo Mixer,Erica Synths Erica Stereo Mixer,1,1,2026-03-16,2026-03-16,0
Erica Synths,Erica Synth / Hexinverter Mindphaser,Erica Synths Erica Synth / Hexinverter Mindphaser,1,1,2026-03-19,2026-03-19,0
Erica Synths,Erica Synth Drum Hi Hats,Erica Synths Erica Synth Drum Hi Hats,1,1,2026-03-08,2026-03-08,0
Erica Synths,Erica Syntrx 2,Erica Synths Erica Syntrx 2,1,1,2026-03-16,2026-03-16,0
Erica Synths,Erica synth Black,Erica Synths Erica synth Black,1,1,2026-03-16,2026-03-16,0
Erica Synths,HexDrums,Erica Synths HexDrums,1,1,2026-03-16,2026-03-16,0
Erica Synths,Hi Hats D,Erica Synths Hi Hats D,1,1,2026-04-04,2026-04-04,0
Erica Synths,Hit Hats A,Erica Synths Hit Hats A,1,1,2026-04-12,2026-04-12,0
Erica Synths,LXR-02,Erica Synths LXR-02,4,4,2026-03-08,2026-05-06,1
Erica Synths,Lxr02 erica synths (να φυγει,Erica Synths Lxr02 erica synths (να φυγει,1,1,2026-03-08,2026-03-08,0
Erica Synths,Perkons HD-01,Erica Synths Perkons HD-01,1,1,2026-04-27,2026-04-27,0
Erica Synths,Perkons HD-01 Black,Erica Synths Perkons HD-01 Black,0,0,,,0
Erica Synths,Pico DSP,Erica Synths Pico DSP,1,1,2026-03-08,2026-03-08,0
Erica Synths,Pico System III,Erica Synths Pico System III,1,1,2026-03-16,2026-03-16,0
Erica Synths,Pico Voice,Erica Synths Pico Voice,1,1,2026-03-08,2026-03-08,0
Erica Synths,Pikocore XL,Erica Synths Pikocore XL,1,1,2026-03-08,2026-03-08,0
Erica Synths,SYNTRX II,Erica Synths SYNTRX II,4,4,2023-06-04,2026-04-25,0
Erica Synths,Sample Player,Erica Synths Sample Player,0,0,,,0
Erica Synths,Steampipe,Erica Synths Steampipe,0,0,,,0
Erica Synths,Syntrx II (Nuevo),Erica Synths Syntrx II (Nuevo),0,0,,,0
Erica Synths,Xenodrive,Erica Synths Xenodrive,1,1,2026-05-06,2026-05-06,0
Erica Synths,black stereo mixer v2,Erica Synths black stereo mixer v2,3,3,2023-06-04,2023-08-07,0
Erica Synths,black wavetable,Erica Synths black wavetable,3,3,2023-06-04,2023-08-07,0
Erica Synths,dual fx,Erica Synths dual fx,1,1,2022-12-31,2022-12-31,0
Erica Synths,pico VCO2,Erica Synths pico VCO2,1,1,2026-03-08,2026-03-08,0
Expert Sleepers,Disting EX,Expert Sleepers Disting EX,1,1,2023-03-01,2023-03-01,0
Expert Sleepers,Disting MK4,Expert Sleepers Disting MK4,2,2,2026-03-08,2026-03-16,1
Expert Sleepers,ES-8,Expert Sleepers ES-8,0,0,,,0
Expert Sleepers,ES-9,Expert Sleepers ES-9,0,0,,,0
Expert Sleepers,Little Mikey,Expert Sleepers Little Mikey,1,1,2026-03-08,2026-03-08,0
Expert Sleepers,Πωλείται Expert Sleepers FH-2 (USB,Expert Sleepers Πωλείται Expert Sleepers FH-2 (USB,1,1,2026-03-08,2026-03-08,0
Expressive E,Osmose,Expressive E Osmose,0,0,,,0
Expressive E,Osmose 61,Expressive E Osmose 61,0,0,,,0
Expressive E,Outremer,Expressive E Outremer,0,0,,,0
Expressive E,Touche,Expressive E Touche,0,0,,,0
Expressive E,Touche SE,Expressive E Touche SE,0,0,,,0
Fairlight,CMI,Fairlight CMI,0,0,,,0
Fairlight,CMI 30A,Fairlight CMI 30A,0,0,,,0
Fairlight,CMI III,Fairlight CMI III,0,0,,,0
Fairlight,CMI IIx,Fairlight CMI IIx,0,0,,,0
Feedback Modules,Buchla 259e,Feedback Modules Buchla 259e,0,0,,,0
Fender,Rhodes Mark 1 88 sweet,Fender Rhodes Mark 1 88 sweet,1,1,2026-03-16,2026-03-16,0
Fender,Rhodes Mark I,Fender Rhodes Mark I,0,0,,,0
Fender,Rhodes Mark II,Fender Rhodes Mark II,1,1,2026-03-23,2026-03-23,0
Fender,Rhodes Stage 73,Fender Rhodes Stage 73,0,0,,,0
Fender,Rhodes Suitcase,Fender Rhodes Suitcase,0,0,,,0
Fender,Rhodes name rail,Fender Rhodes name rail,1,1,2026-03-08,2026-03-08,0
Fender,Rhodes μαγνητες,Fender Rhodes μαγνητες,1,1,2026-03-08,2026-03-08,0
Fender,Wurlitzer 112,Fender Wurlitzer 112,0,0,,,0
Fender,Wurlitzer 140,Fender Wurlitzer 140,0,0,,,0
Fender,Wurlitzer 200,Fender Wurlitzer 200,0,0,,,0
Fender,Wurlitzer 200A,Fender Wurlitzer 200A,0,0,,,0
Ferrofish,B4000+,Ferrofish B4000+,0,0,,,0
Flamma,FC12 Drum Machine,Flamma FC12 Drum Machine,0,0,,,0
Folktek,Conduit,Folktek Conduit,0,0,,,0
Folktek,Matter,Folktek Matter,0,0,,,0
Frap Tools,BRENSO,Frap Tools BRENSO,0,0,,,0
Frap Tools,CUNSA,Frap Tools CUNSA,0,0,,,0
Frap Tools,FALISTRI,Frap Tools FALISTRI,0,0,,,0
Frap Tools,Frap Tools Usta,Frap Tools Frap Tools Usta,1,1,2026-03-07,2026-03-07,0
Frap Tools,JUST FRIENDS,Frap Tools JUST FRIENDS,0,0,,,0
Frap Tools,Magnolia,Frap Tools Magnolia,0,0,,,0
Frap Tools,SAPÈL,Frap Tools SAPÈL,0,0,,,0
Fred´s Lab,Manatee,Fred´s Lab Manatee,0,0,,,0
Future Retro,777,Future Retro 777,0,0,,,0
Future Retro,Orb,Future Retro Orb,0,0,,,0
Future Retro,Revolution,Future Retro Revolution,0,0,,,0
Future Retro,Vectra,Future Retro Vectra,0,0,,,0
Future Retro,XS,Future Retro XS,1,1,2026-03-08,2026-03-08,0
Gotharman,Little deFormer,Gotharman Little deFormer,0,0,,,0
Gotharman,Spazzdrum,Gotharman Spazzdrum,0,0,,,0
Gotharman,Timespace,Gotharman Timespace,0,0,,,0
Gotharman,deFormer 3,Gotharman deFormer 3,0,0,,,0
Groove Synthesis,3rd Wave,Groove Synthesis 3rd Wave,0,0,,,0
Groove Synthesis,3rd Wave 8M,Groove Synthesis 3rd Wave 8M,0,0,,,0
Groove Synthesis,3rd Wave Desktop Module,Groove Synthesis 3rd Wave Desktop Module,0,0,,,0
Haken Audio,ContinuuMini,Haken Audio ContinuuMini,0,0,,,0
Haken Audio,Continuum,Haken Audio Continuum,0,0,,,0
Haken Audio,Continuum Fingerboard,Haken Audio Continuum Fingerboard,0,0,,,0
Haken Audio,EaganMatrix Micro,Haken Audio EaganMatrix Micro,0,0,,,0
Haken Audio,EaganMatrix Module,Haken Audio EaganMatrix Module,0,0,,,0
Haken Audio,Slim Continuum 46s8x,Haken Audio Slim Continuum 46s8x,0,0,,,0
Haken Audio,Slim Continuum 70s8x,Haken Audio Slim Continuum 70s8x,0,0,,,0
Hammond,A105 Restaurado,Hammond A105 Restaurado,1,1,2026-03-22,2026-03-22,0
Hammond,B-250,Hammond B-250,1,1,2026-03-16,2026-03-16,0
Hammond,B-3n,Hammond B-3n,0,0,,,0
Hammond,E312,Hammond E312,1,1,2026-03-16,2026-03-16,0
Hammond,M100,Hammond M100,0,0,,,0
Hammond,Nova,Hammond Nova,0,0,,,0
Hammond,Piper Autochord,Hammond Piper Autochord,1,1,2026-04-29,2026-04-29,0
Hammond,SK Pro,Hammond SK Pro,4,4,2023-06-04,2023-08-07,0
Hammond,SK1,Hammond SK1,3,3,2022-12-31,2026-03-08,0
Hammond,SK2,Hammond SK2,1,1,2026-03-16,2026-03-16,0
Hammond,Viscount Legend Live Δισκαλο Hammond,Hammond Viscount Legend Live Δισκαλο Hammond,1,1,2026-04-10,2026-04-10,0
Hammond,XK-1c,Hammond XK-1c,1,1,2026-03-08,2026-03-08,0
Hammond,XK-3c,Hammond XK-3c,0,0,,,0
Hammond,XK-5,Hammond XK-5,0,0,,,0
Hammond,hammond c3 1961 chop down,Hammond hammond c3 1961 chop down,3,3,2023-06-04,2023-08-07,0
Hammond,hammond m100,Hammond hammond m100,2,2,2023-03-01,2026-03-27,0
Hammond,vintage Hammond 102100 (Made in,Hammond vintage Hammond 102100 (Made in,1,1,2026-04-13,2026-04-13,0
Hammond,Órgano Hammond CV,Hammond Órgano Hammond CV,1,1,2026-03-16,2026-03-16,0
Hammond,Órgano Hammond M3 spineta,Hammond Órgano Hammond M3 spineta,1,1,2026-03-07,2026-03-07,0
Hammond,Órgano Hammond XB-1,Hammond Órgano Hammond XB-1,1,1,2026-03-16,2026-03-16,0
Hammond,Αρμόνιο αντίκα HAMMOND,Hammond Αρμόνιο αντίκα HAMMOND,1,1,2026-03-23,2026-03-23,0
Hammond,Πωλείται Hammond M-solo Burgundy,Hammond Πωλείται Hammond M-solo Burgundy,1,1,2026-03-08,2026-03-08,0
Instruo,Pocket Scion,Instruo Pocket Scion,0,0,,,0
Instruo,Seashell,Instruo Seashell,0,0,,,0
Intellijel,"""metropolis""","Intellijel ""metropolis""",1,1,2022-12-31,2022-12-31,0
Intellijel,Cascadia Semi-modular,Intellijel Cascadia Semi-modular,1,1,2026-03-16,2026-03-16,0
Intellijel,Dual ADSR,Intellijel Dual ADSR,1,1,2026-04-15,2026-04-15,0
Intellijel,Intellijel Cascadia -,Intellijel Intellijel Cascadia -,1,1,2026-03-16,2026-03-16,0
Intellijel,Metropolis (leer descripción),Intellijel Metropolis (leer descripción),1,1,2026-04-20,2026-04-20,0
Intellijel,Metropolix,Intellijel Metropolix,0,0,,,0
Intellijel,Multigrain,Intellijel Multigrain,1,1,2026-04-18,2026-04-18,0
Intellijel,Planar 2,Intellijel Planar 2,3,3,2023-06-04,2023-08-07,0
Intellijel,Quadrax,Intellijel Quadrax,0,0,,,0
Intellijel,Rainmaker,Intellijel Rainmaker,1,1,2026-04-20,2026-04-20,0
Intellijel,Rubicon2 - Dixie2,Intellijel Rubicon2 - Dixie2,1,1,2026-04-03,2026-04-03,0
Intellijel,Tangrams,Intellijel Tangrams,1,1,2026-05-13,2026-05-13,0
Intellijel,plonk,Intellijel plonk,2,2,2023-08-07,2026-05-01,0
Intellijel,plonk env incl,Intellijel plonk env incl,1,1,2022-12-31,2022-12-31,0
Intellijel,uvca ii,Intellijel uvca ii,1,1,2023-03-01,2023-03-01,0
Intellijel Designs,Cascadia,Intellijel Designs Cascadia,0,0,,,0
Intellijel Designs,Cascadia White,Intellijel Designs Cascadia White,0,0,,,0
Isla Instruments,Isla S2400,Isla Instruments Isla S2400,1,1,2026-04-10,2026-04-10,0
Isla Instruments,S2400,Isla Instruments S2400,2,2,2026-03-16,2026-03-16,1
Isla Instruments,instruments kordbot isla instruments,Isla Instruments instruments kordbot isla instruments,5,5,2022-12-31,2023-08-07,0
Jomox,Alpha Base,Jomox Alpha Base,1,1,2026-03-16,2026-03-16,0
Jomox,Alpha Base MK2,Jomox Alpha Base MK2,1,1,2026-03-08,2026-03-08,0
Jomox,Alpha Base MKII,Jomox Alpha Base MKII,0,0,,,0
Jomox,Caja,Jomox Caja,0,0,,,0
Jomox,M.BRane 11,Jomox M.BRane 11,0,0,,,0
Jomox,MBASE 11,Jomox MBASE 11,0,0,,,0
Jomox,MBase 01,Jomox MBase 01,1,1,2026-03-08,2026-03-08,0
Jomox,MBase 11,Jomox MBase 11,0,0,,,0
Jomox,Mod FM D,Jomox Mod FM D,0,0,,,0
Jomox,ModBase 09,Jomox ModBase 09,1,1,2026-03-08,2026-03-08,0
Jomox,Resonator Neuronium,Jomox Resonator Neuronium,1,1,2026-03-16,2026-03-16,0
Jomox,Sunsyn,Jomox Sunsyn,0,0,,,0
Jomox,Sunsyn MK2,Jomox Sunsyn MK2,0,0,,,0
Jomox,T-Resonator,Jomox T-Resonator,0,0,,,0
Jomox,T-Resonator MK2,Jomox T-Resonator MK2,0,0,,,0
Jomox,Xbase 09,Jomox Xbase 09,3,3,2026-03-08,2026-05-06,1
Jomox,Xbase 888,Jomox Xbase 888,1,1,2026-03-08,2026-03-08,0
Jomox,Xbase 999,Jomox Xbase 999,0,0,,,0
Jomox,jomox m base,Jomox jomox m base,1,1,2023-03-01,2023-03-01,0
Jomox,jomox m brane 1_1,Jomox jomox m brane 1_1,3,3,2023-06-04,2023-08-07,0
Joué,Joué Play,Joué Joué Play,0,0,,,0
KMI,12 Step,KMI 12 Step,0,0,,,0
KMI,BopPad,KMI BopPad,0,0,,,0
KMI,QuNeo,KMI QuNeo,0,0,,,0
KMI,QuNexus,KMI QuNexus,0,0,,,0
Kawai,5000s,Kawai 5000s,1,1,2026-03-31,2026-03-31,0
Kawai,Caja,Kawai Caja,1,1,2026-03-16,2026-03-16,0
Kawai,Cambio kawai PHM pop synthe,Kawai Cambio kawai PHM pop synthe,1,0,2026-03-16,2026-03-16,0
Kawai,ES100,Kawai ES100,1,1,2026-03-08,2026-03-08,0
Kawai,FS 680 vintage,Kawai FS 680 vintage,1,1,2026-03-08,2026-03-08,0
Kawai,K1,Kawai K1,3,3,2023-06-04,2023-08-07,0
Kawai,K1 II,Kawai K1 II,0,0,,,0
Kawai,K11,Kawai K11,0,0,,,0
Kawai,K1r,Kawai K1r,2,2,2023-08-07,2026-03-07,0
Kawai,K3,Kawai K3,0,0,,,0
Kawai,K3M,Kawai K3M,0,0,,,0
Kawai,K4,Kawai K4,0,0,,,0
Kawai,K4R,Kawai K4R,0,0,,,0
Kawai,K5,Kawai K5,0,0,,,0
Kawai,K5000,Kawai K5000,0,0,,,0
Kawai,K5000R,Kawai K5000R,0,0,,,0
Kawai,K5000S,Kawai K5000S,0,0,,,0
Kawai,K5000W,Kawai K5000W,0,0,,,0
Kawai,KX21 SERIES,Kawai KX21 SERIES,1,1,2026-03-23,2026-03-23,0
Kawai,MAV-8 midi patchbay,Kawai MAV-8 midi patchbay,1,1,2026-03-16,2026-03-16,0
Kawai,MP8 II Profesional Stage Piano,Kawai MP8 II Profesional Stage Piano,1,1,2026-03-23,2026-03-23,0
Kawai,PERSONAL FS2000,Kawai PERSONAL FS2000,1,1,2026-03-08,2026-03-08,0
Kawai,Pop Synth PHM,Kawai Pop Synth PHM,1,1,2026-03-07,2026-03-07,0
Kawai,X140-D,Kawai X140-D,1,1,2026-03-08,2026-03-08,0
Kawai,kawai mp6 88 teclas,Kawai kawai mp6 88 teclas,1,1,2022-12-31,2022-12-31,0
Kawai,kawai rc-2 tarjeta memoria,Kawai kawai rc-2 tarjeta memoria,5,5,2022-12-31,2023-08-07,0
Kawai,kawai vpc1,Kawai kawai vpc1,3,3,2023-06-04,2023-08-07,0
Kawai,sx 210 analog,Kawai sx 210 analog,1,1,2026-03-08,2026-03-08,0
Kiviak Instruments,WoFi,Kiviak Instruments WoFi,0,0,,,0
Kodamo,Essence FM MKII,Kodamo Essence FM MKII,0,0,,,0
Koma Elektronik,Chromaplane (Koma Elektronik),Koma Elektronik Chromaplane (Koma Elektronik),1,1,2026-03-27,2026-03-27,0
Koma Elektronik,Chromaplane Koma Elektronik,Koma Elektronik Chromaplane Koma Elektronik,1,1,2026-04-15,2026-04-15,0
Koma Elektronik,FT201 Analog Filter / 10-Step,Koma Elektronik FT201 Analog Filter / 10-Step,1,1,2026-03-08,2026-03-08,0
Koma Elektronik,Field Kit,Koma Elektronik Field Kit,0,0,,,0
Koma Elektronik,Field Kit FX,Koma Elektronik Field Kit FX,1,1,2026-03-08,2026-03-08,0
Koma Elektronik,Kommander,Koma Elektronik Kommander,1,1,2026-04-04,2026-04-04,0
Koma Elektronik,Komplex Sequencer,Koma Elektronik Komplex Sequencer,0,0,,,0
Korg,"- nanokey 2, nanokontrol 2,","Korg - nanokey 2, nanokontrol 2,",0,0,,,0
Korg,01 PROX,Korg 01 PROX,1,1,2026-03-16,2026-03-16,0
Korg,01 w,Korg 01 w,1,1,2026-03-08,2026-03-08,0
Korg,01/W,Korg 01/W,4,4,2026-03-08,2026-03-19,1
Korg,01W / Korg 01W/FD,Korg 01W / Korg 01W/FD,1,0,2026-04-13,2026-04-13,0
Korg,01w workstation,Korg 01w workstation,1,1,2026-03-08,2026-03-08,0
Korg,03/RW,Korg 03/RW,0,0,,,0
Korg,05/RW,Korg 05/RW,0,0,,,0
Korg,05R/W,Korg 05R/W,2,2,2026-03-07,2026-03-08,1
Korg,3-PEDAL OPTION FOR SP-280,Korg 3-PEDAL OPTION FOR SP-280,1,1,2026-03-08,2026-03-08,0
Korg,770,Korg 770,0,0,,,0
Korg,900,Korg 900,0,0,,,0
Korg,900ST,Korg 900ST,0,0,,,0
Korg,ARP 2600,Korg ARP 2600,1,1,2026-05-04,2026-05-04,0
Korg,Arp Odyssey (by Korg),Korg Arp Odyssey (by Korg),0,0,,,0
Korg,B2 White – Εξαιρετική κατάσταση,Korg B2 White – Εξαιρετική κατάσταση,1,1,2026-03-08,2026-03-08,0
Korg,BX-3 Hammond Clon,Korg BX-3 Hammond Clon,0,0,,,0
Korg,Behringer Odyssey,Korg Behringer Odyssey,1,1,2026-04-30,2026-04-30,0
Korg,Busco Korg SQ-1,Korg Busco Korg SQ-1,1,0,2026-03-19,2026-03-19,0
Korg,Busco Korg VC-10,Korg Busco Korg VC-10,1,0,2026-04-25,2026-04-25,0
Korg,Chip sm304A Korg CX 3,Korg Chip sm304A Korg CX 3,0,0,,,0
Korg,D1,Korg D1,0,0,,,0
Korg,DDD-5,Korg DDD-5,1,1,2026-03-08,2026-03-08,0
Korg,DDM-110,Korg DDM-110,1,1,2026-03-22,2026-03-22,0
Korg,DDM-220,Korg DDM-220,1,1,2026-03-22,2026-03-22,0
Korg,DS-8,Korg DS-8,2,2,2026-03-08,2026-03-30,1
Korg,DSM-1,Korg DSM-1,0,0,,,0
Korg,DSS-1,Korg DSS-1,0,0,,,0
Korg,DW-6000,Korg DW-6000,1,1,2026-03-08,2026-03-08,0
Korg,DW-8000,Korg DW-8000,0,0,,,0
Korg,"Decksaver Korg Opsix, Modwave, Wavestate","Korg Decksaver Korg Opsix, Modwave, Wavestate",1,1,2026-04-12,2026-04-12,0
Korg,Delta,Korg Delta,0,0,,,0
Korg,Drumlogue,Korg Drumlogue,5,5,2023-03-01,2026-04-26,0
Korg,EPS-1,Korg EPS-1,1,1,2026-03-08,2026-03-08,0
Korg,EX-8000,Korg EX-8000,0,0,,,0
Korg,EXP2 Expression pedal,Korg EXP2 Expression pedal,1,1,2026-05-13,2026-05-13,0
Korg,Electribe 2,Korg Electribe 2,3,3,2023-08-07,2026-04-05,1
Korg,Electribe 2 (Άριστη κατάσταση),Korg Electribe 2 (Άριστη κατάσταση),0,0,,,0
Korg,Electribe 2S,Korg Electribe 2S,0,0,,,0
Korg,Electribe A,Korg Electribe A,1,1,2026-03-08,2026-03-08,0
Korg,Electribe Blue,Korg Electribe Blue,0,0,,,0
Korg,Electribe EA-1 analog,Korg Electribe EA-1 analog,1,1,2026-03-08,2026-03-08,0
Korg,Electribe EMX-1,Korg Electribe EMX-1,1,1,2026-03-08,2026-03-08,0
Korg,Electribe EMX1 Music Production Station,Korg Electribe EMX1 Music Production Station,1,1,2026-03-08,2026-03-08,0
Korg,Electribe ESX-1,Korg Electribe ESX-1,1,1,2026-03-08,2026-03-08,0
Korg,Electribe R,Korg Electribe R,1,1,2026-03-07,2026-03-07,0
Korg,Electribe Red,Korg Electribe Red,0,0,,,0
Korg,Electribe S,Korg Electribe S,1,1,2026-03-08,2026-03-08,0
Korg,Electribe SX,Korg Electribe SX,1,1,2023-08-07,2023-08-07,0
Korg,Electribe Sampler Red,Korg Electribe Sampler Red,0,0,,,0
Korg,Exb Pcm 08 Pianos,Korg Exb Pcm 08 Pianos,1,1,2026-03-22,2026-03-22,0
Korg,Hard Case Korg Kronos2 61,Korg Hard Case Korg Kronos2 61,1,1,2026-03-08,2026-03-08,0
Korg,KARMA,Korg KARMA,6,6,2022-12-31,2026-03-16,1
Korg,KORG,Korg KORG,55,55,2023-06-04,2026-05-13,0
Korg,KORG DW-8000,Korg KORG DW-8000,1,1,2026-04-06,2026-04-06,0
Korg,KPR-77,Korg KPR-77,1,1,2026-03-16,2026-03-16,0
Korg,KR-11,Korg KR-11,0,0,,,0
Korg,KRONOS 3 ΚΑΙΝΟΥΡΓΙΟ,Korg KRONOS 3 ΚΑΙΝΟΥΡΓΙΟ,1,1,2026-04-29,2026-04-29,0
Korg,KRONOS 73 KEYS,Korg KRONOS 73 KEYS,1,1,2026-05-11,2026-05-11,0
Korg,KRONOS X 3gb RAM,Korg KRONOS X 3gb RAM,1,1,2026-04-20,2026-04-20,0
Korg,Kaoss Pad,Korg Kaoss Pad,0,0,,,0
Korg,Kaoss Pad 2,Korg Kaoss Pad 2,0,0,,,0
Korg,Kaoss Pad 3,Korg Kaoss Pad 3,0,0,,,0
Korg,Kaoss Pad Dynamic,Korg Kaoss Pad Dynamic,0,0,,,0
Korg,Kaoss Pad KP3+,Korg Kaoss Pad KP3+,1,1,2026-03-08,2026-03-08,0
Korg,Kaoss Pad Mini KP1,Korg Kaoss Pad Mini KP1,0,0,,,0
Korg,Kaoss Pad Quad,Korg Kaoss Pad Quad,0,0,,,0
Korg,Kaoss Pad V,Korg Kaoss Pad V,0,0,,,0
Korg,Kaoss Replay,Korg Kaoss Replay,0,0,,,0
Korg,Kaossilator,Korg Kaossilator,0,0,,,0
Korg,Kaossilator 2,Korg Kaossilator 2,0,0,,,0
Korg,Kaossilator Pro,Korg Kaossilator Pro,2,2,2026-03-08,2026-03-08,1
Korg,Kaossilator Pro+,Korg Kaossilator Pro+,0,0,,,0
Korg,King Korg (1st Gen),Korg King Korg (1st Gen),0,0,,,0
Korg,Kingkorg Neo,Korg Kingkorg Neo,1,1,2026-03-08,2026-03-08,0
Korg,Korg,Korg Korg,0,0,,,0
Korg,Korg Wavestate,Korg Korg Wavestate,8,8,2023-06-07,2026-05-09,1
Korg,Korg X5D,Korg Korg X5D,1,1,2026-04-22,2026-04-22,0
Korg,Korg Z1,Korg Korg Z1,1,1,2026-04-22,2026-04-22,0
Korg,Kork minilogue XD,Korg Kork minilogue XD,1,1,2026-04-19,2026-04-19,0
Korg,Kronos,Korg Kronos,5,5,2026-03-08,2026-04-29,1
Korg,Kronos 2,Korg Kronos 2,4,4,2026-03-08,2026-03-08,1
Korg,Kronos 3,Korg Kronos 3,1,1,2026-05-06,2026-05-06,0
Korg,Kronos 88 Key Platinum Music,Korg Kronos 88 Key Platinum Music,1,1,2026-04-18,2026-04-18,0
Korg,Kronos X,Korg Kronos X,0,0,,,0
Korg,Kronos ls,Korg Kronos ls,1,1,2026-04-26,2026-04-26,0
Korg,Kross,Korg Kross,4,4,2023-06-04,2026-03-08,0
Korg,Kross 2,Korg Kross 2,3,3,2023-08-07,2026-03-19,1
Korg,Kross 2-61,Korg Kross 2-61,0,0,,,0
Korg,Lambda,Korg Lambda,0,0,,,0
Korg,M 50 88 Teclas,Korg M 50 88 Teclas,0,0,,,0
Korg,M1,Korg M1,7,6,2026-03-08,2026-03-16,1
Korg,M1R,Korg M1R,1,1,2023-03-01,2023-03-01,0
Korg,M1REX,Korg M1REX,1,1,2026-04-04,2026-04-04,0
Korg,M3,Korg M3,5,5,2026-03-08,2026-03-16,1
Korg,M3 88 (Solo ),Korg M3 88 (Solo ),0,0,,,0
Korg,M3 rack,Korg M3 rack,1,1,2026-04-22,2026-04-22,0
Korg,M3R,Korg M3R,1,1,2023-08-07,2023-08-07,0
Korg,M50,Korg M50,1,1,2026-03-08,2026-03-08,0
Korg,MCR - 03 Memory Card,Korg MCR - 03 Memory Card,0,0,,,0
Korg,MCR-03 Memory Card 256kbits RAM,Korg MCR-03 Memory Card 256kbits RAM,1,1,2026-03-08,2026-03-08,0
Korg,MICRO X,Korg MICRO X,1,0,2026-04-08,2026-04-08,0
Korg,MIKROKEY Air,Korg MIKROKEY Air,1,1,2026-03-08,2026-03-08,0
Korg,MODWAVE,Korg MODWAVE,1,1,2026-05-14,2026-05-14,0
Korg,MONO/POLY,Korg MONO/POLY,1,1,2026-03-08,2026-03-08,0
Korg,MS 20 - Mini,Korg MS 20 - Mini,0,0,,,0
Korg,MS 20 Mini,Korg MS 20 Mini,1,1,2026-04-23,2026-04-23,0
Korg,MS 2000,Korg MS 2000,1,1,2026-05-08,2026-05-08,0
Korg,MS-01 Foot,Korg MS-01 Foot,1,1,2026-03-08,2026-03-08,0
Korg,MS-10,Korg MS-10,0,0,,,0
Korg,MS-20,Korg MS-20,1,1,2026-03-23,2026-03-23,0
Korg,MS-20 mini,Korg MS-20 mini,3,3,2023-03-01,2026-03-27,0
Korg,MS-2000,Korg MS-2000,1,1,2026-04-26,2026-04-26,0
Korg,MS-50,Korg MS-50,0,0,,,0
Korg,MS20 original,Korg MS20 original,1,1,2026-03-22,2026-03-22,0
Korg,MS2000,Korg MS2000,3,2,2026-03-16,2026-03-27,1
Korg,MS2000BR Analog Modeling /Vocoderr,Korg MS2000BR Analog Modeling /Vocoderr,0,0,,,0
Korg,MULTIPOLY,Korg MULTIPOLY,1,1,2026-04-22,2026-04-22,0
Korg,MUSICORAMA USB STYLE STICK FOR,Korg MUSICORAMA USB STYLE STICK FOR,1,1,2026-03-08,2026-03-08,0
Korg,Micro Korg XL,Korg Micro Korg XL,1,1,2026-03-08,2026-03-08,0
Korg,Micro x,Korg Micro x,3,3,2026-03-08,2026-03-08,1
Korg,MicroKey 37,Korg MicroKey 37,1,1,2026-04-23,2026-04-23,0
Korg,Microkorg,Korg Microkorg,3,3,2026-03-08,2026-04-27,1
Korg,Minilogue,Korg Minilogue,8,8,2023-03-01,2026-04-08,1
Korg,Minilogue XD,Korg Minilogue XD,6,6,2022-12-31,2026-03-27,1
Korg,Minilogue XD Module,Korg Minilogue XD Module,1,1,2026-03-08,2026-03-08,0
Korg,Minilogue og,Korg Minilogue og,1,1,2026-05-13,2026-05-13,0
Korg,Modave Rack/,Korg Modave Rack/,1,1,2026-04-19,2026-04-19,0
Korg,Modwave 37-Key Wavetable 2021,Korg Modwave 37-Key Wavetable 2021,0,0,,,0
Korg,Modwave MKII,Korg Modwave MKII,0,0,,,0
Korg,Modwave Module,Korg Modwave Module,0,0,,,0
Korg,MonoPoly,Korg MonoPoly,0,0,,,0
Korg,Monologue (Gris),Korg Monologue (Gris),0,0,,,0
Korg,Monologue BK,Korg Monologue BK,0,0,,,0
Korg,Monologue Blue,Korg Monologue Blue,0,0,,,0
Korg,Monologue Noir,Korg Monologue Noir,1,1,2026-03-08,2026-03-08,0
Korg,Monologue Silver,Korg Monologue Silver,0,0,,,0
Korg,Monologue XD,Korg Monologue XD,0,0,,,0
Korg,Monotribe 2011 - Present -,Korg Monotribe 2011 - Present -,0,0,,,0
Korg,Monotron Delay,Korg Monotron Delay,0,0,,,0
Korg,Monotron Duo,Korg Monotron Duo,0,0,,,0
Korg,Mp3 Expansion Board for korg,Korg Mp3 Expansion Board for korg,1,1,2026-03-08,2026-03-08,0
Korg,Ms 2000,Korg Ms 2000,1,1,2026-03-08,2026-03-08,0
Korg,Ms2000,Korg Ms2000,0,0,,,0
Korg,Multi Poly (,Korg Multi Poly (,0,0,,,0
Korg,N1R,Korg N1R,1,1,2023-08-07,2023-08-07,0
Korg,N364,Korg N364,0,0,,,0
Korg,N5,Korg N5,1,1,2026-03-08,2026-03-08,0
Korg,N5EX,Korg N5EX,0,0,,,0
Korg,NAUTILUS 73,Korg NAUTILUS 73,2,2,2026-03-08,2026-04-29,1
Korg,NTS-1,Korg NTS-1,2,2,2026-03-16,2026-03-16,1
Korg,Nanokey Studio ( Midi,Korg Nanokey Studio ( Midi,0,0,,,0
Korg,Nautilus 61 (Nuevo),Korg Nautilus 61 (Nuevo),0,0,,,0
Korg,Nautilus 73,Korg Nautilus 73,0,0,,,0
Korg,Nautilus 88,Korg Nautilus 88,1,1,2026-03-08,2026-03-08,0
Korg,Nautilus 88 AT,Korg Nautilus 88 AT,1,1,2026-04-02,2026-04-02,0
Korg,Nu:Tekt NTS-1 MKII,Korg Nu:Tekt NTS-1 MKII,0,0,,,0
Korg,OASYS,Korg OASYS,2,2,2023-03-01,2026-03-08,0
Korg,Odyssey (Edición limitada),Korg Odyssey (Edición limitada),0,0,,,0
Korg,PA 1000,Korg PA 1000,0,0,,,0
Korg,PA 50,Korg PA 50,1,1,2026-03-08,2026-03-08,0
Korg,PA 500,Korg PA 500,2,2,2026-05-01,2026-05-08,1
Korg,PA 800,Korg PA 800,2,2,2026-03-08,2026-03-08,1
Korg,PA 900,Korg PA 900,1,1,2026-04-05,2026-04-05,0
Korg,PA1000,Korg PA1000,5,5,2026-03-08,2026-04-18,1
Korg,PA2X PRO 76,Korg PA2X PRO 76,1,1,2026-03-08,2026-03-08,0
Korg,"PA3X, 76 πλήκτρα","Korg PA3X, 76 πλήκτρα",1,1,2026-03-08,2026-03-08,0
Korg,PA4X 61,Korg PA4X 61,1,1,2026-05-11,2026-05-11,0
Korg,PA5x 61Keys for sell,Korg PA5x 61Keys for sell,1,1,2026-03-08,2026-03-08,0
Korg,PA600,Korg PA600,3,3,2026-03-08,2026-03-16,1
Korg,PA700,Korg PA700,1,1,2026-03-08,2026-03-08,0
Korg,PA800,Korg PA800,3,3,2026-03-08,2026-03-08,1
Korg,PROLOGUE 16,Korg PROLOGUE 16,3,3,2026-03-08,2026-04-05,1
Korg,PROTEUS Card-KORG DSS1 Editor-AKAI Discs,Korg PROTEUS Card-KORG DSS1 Editor-AKAI Discs,1,1,2026-03-08,2026-03-08,0
Korg,PS-3100,Korg PS-3100,0,0,,,0
Korg,PS-3200,Korg PS-3200,0,0,,,0
Korg,PS-3300,Korg PS-3300,0,0,,,0
Korg,Pa - Greek Styles SET,Korg Pa - Greek Styles SET,1,1,2026-03-08,2026-03-08,0
Korg,Pa 2x pro,Korg Pa 2x pro,1,1,2026-03-08,2026-03-08,0
Korg,Pa 4,Korg Pa 4,0,0,,,0
Korg,Pa 500,Korg Pa 500,0,0,,,0
Korg,Pa manuals,Korg Pa manuals,1,1,2026-03-08,2026-03-08,0
Korg,Pa2x Pa1x music stand Αναλόγιο,Korg Pa2x Pa1x music stand Αναλόγιο,0,0,,,0
Korg,Pa2x Pro arranger,Korg Pa2x Pro arranger,1,1,2026-03-08,2026-03-08,0
Korg,Pa3X - 76 tasti,Korg Pa3X - 76 tasti,1,1,2026-04-08,2026-04-08,0
Korg,Pa3x 61,Korg Pa3x 61,1,1,2026-03-08,2026-03-08,0
Korg,Pa3x 76 keys,Korg Pa3x 76 keys,1,1,2026-03-08,2026-03-08,0
Korg,Pa4X 76 oriental,Korg Pa4X 76 oriental,1,1,2026-03-08,2026-03-08,0
Korg,Pa4x 76ρι,Korg Pa4x 76ρι,1,1,2026-04-08,2026-04-08,0
Korg,Pa5X88 88-Key Professional Arranger .,Korg Pa5X88 88-Key Professional Arranger .,0,0,,,0
Korg,Pa5x - 76 πλήκτρα,Korg Pa5x - 76 πλήκτρα,1,1,2026-03-08,2026-03-08,0
Korg,Pa600,Korg Pa600,0,0,,,0
Korg,Pa800 επαγγελματικό αρμόνιο,Korg Pa800 επαγγελματικό αρμόνιο,1,1,2026-03-16,2026-03-16,0
Korg,Pa900,Korg Pa900,2,2,2026-03-08,2026-05-02,1
Korg,Patches,Korg Patches,1,0,2026-03-16,2026-03-16,0
Korg,Phase 8 limited edition (,Korg Phase 8 limited edition (,0,0,,,0
Korg,Phase8,Korg Phase8,0,0,,,0
Korg,Phase8 Limited Edition,Korg Phase8 Limited Edition,0,0,,,0
Korg,Poly 61 full set μεμβράνες,Korg Poly 61 full set μεμβράνες,1,1,2026-03-08,2026-03-08,0
Korg,Poly 800,Korg Poly 800,2,2,2026-03-07,2026-03-08,1
Korg,Poly 800 mk ii,Korg Poly 800 mk ii,1,1,2026-03-16,2026-03-16,0
Korg,Poly-61,Korg Poly-61,0,0,,,0
Korg,Poly-800,Korg Poly-800,0,0,,,0
Korg,Polysix,Korg Polysix,4,4,2026-03-08,2026-04-15,1
Korg,Prologue 16,Korg Prologue 16,0,0,,,0
Korg,Prophecy,Korg Prophecy,1,1,2026-03-08,2026-03-08,0
Korg,R3,Korg R3,0,0,,,0
Korg,R3 /Vocoder,Korg R3 /Vocoder,0,0,,,0
Korg,RADIAS,Korg RADIAS,6,6,2026-03-08,2026-05-08,1
Korg,RK-100S,Korg RK-100S,0,0,,,0
Korg,RK-100S 2,Korg RK-100S 2,0,0,,,0
Korg,RK-100S 2 Black,Korg RK-100S 2 Black,0,0,,,0
Korg,RK-100S 2 Red,Korg RK-100S 2 Red,0,0,,,0
Korg,RK-100S Keytar,Korg RK-100S Keytar,1,1,2026-05-11,2026-05-11,0
Korg,Radias,Korg Radias,0,0,,,0
Korg,Radias ( ),Korg Radias ( ),0,0,,,0
Korg,SQ 1,Korg SQ 1,0,0,,,0
Korg,SQ-1,Korg SQ-1,0,0,,,0
Korg,SQ-1 & Korg Volca Pots,Korg SQ-1 & Korg Volca Pots,1,1,2026-03-08,2026-03-08,0
Korg,SQ-64 καινούριο!,Korg SQ-64 καινούριο!,0,0,,,0
Korg,SQ64,Korg SQ64,0,0,,,0
Korg,STUDIO R USB (Korg Pa3x),Korg STUDIO R USB (Korg Pa3x),0,0,,,0
Korg,SV-1 Stage Vintage,Korg SV-1 Stage Vintage,1,1,2026-03-27,2026-03-27,0
Korg,SV-2 (73 Keys),Korg SV-2 (73 Keys),0,0,,,0
Korg,SV273,Korg SV273,1,1,2026-05-01,2026-05-01,0
Korg,Secuenciador Korg SQ-1,Korg Secuenciador Korg SQ-1,1,0,2026-04-29,2026-04-29,0
Korg,Secuenciador vintage Korg SQ10,Korg Secuenciador vintage Korg SQ10,0,0,,,0
Korg,Set Studio R Μουσικοραμα,Korg Set Studio R Μουσικοραμα,1,1,2026-03-08,2026-03-08,0
Korg,Set korg,Korg Set korg,1,1,2026-03-08,2026-03-08,0
Korg,Sigma,Korg Sigma,4,4,2026-03-07,2026-04-16,1
Korg,Sintetizzatore Korg X50,Korg Sintetizzatore Korg X50,1,1,2026-04-30,2026-04-30,0
Korg,Soporte Korg M SV,Korg Soporte Korg M SV,0,0,,,0
Korg,Studio R usb 192mb,Korg Studio R usb 192mb,0,0,,,0
Korg,T1,Korg T1,0,0,,,0
Korg,T2,Korg T2,0,0,,,0
Korg,T3,Korg T3,1,1,2026-03-08,2026-03-08,0
Korg,TR 61,Korg TR 61,3,3,2026-03-08,2026-04-05,1
Korg,TR 76,Korg TR 76,1,1,2026-03-08,2026-03-08,0
Korg,TR61,Korg TR61,0,0,,,0
Korg,TRITON Le,Korg TRITON Le,1,1,2026-04-13,2026-04-13,0
Korg,Tactile 25,Korg Tactile 25,1,1,2026-05-07,2026-05-07,0
Korg,Tarjeta Waveshape Korg 01/W,Korg Tarjeta Waveshape Korg 01/W,1,1,2026-04-29,2026-04-29,0
Korg,Trident,Korg Trident,1,1,2026-03-08,2026-03-08,0
Korg,Trinity Pro 76,Korg Trinity Pro 76,1,1,2026-05-13,2026-05-13,0
Korg,Trinity Pro 76 zu verkaufen,Korg Trinity Pro 76 zu verkaufen,1,1,2026-03-08,2026-03-08,0
Korg,Trinity V3 MOSS BOARD 61,Korg Trinity V3 MOSS BOARD 61,0,0,,,0
Korg,Triton,Korg Triton,3,3,2026-03-08,2026-04-16,1
Korg,Triton Extreme,Korg Triton Extreme,6,6,2026-03-08,2026-03-19,1
Korg,Triton Extreme 88 tope,Korg Triton Extreme 88 tope,1,1,2026-04-12,2026-04-12,0
Korg,Triton LE,Korg Triton LE,1,1,2026-03-08,2026-03-08,0
Korg,Triton Rack,Korg Triton Rack,2,2,2026-03-08,2026-03-28,1
Korg,Triton Studio,Korg Triton Studio,2,2,2026-03-08,2026-03-08,1
Korg,Triton TR,Korg Triton TR,0,0,,,0
Korg,Tritón Scsi,Korg Tritón Scsi,1,1,2026-03-16,2026-03-16,0
Korg,USB MUSICORAMA ULTIMATE STYLE SET,Korg USB MUSICORAMA ULTIMATE STYLE SET,0,0,,,0
Korg,VOLCA DRUM,Korg VOLCA DRUM,2,1,2026-05-04,2026-05-04,0
Korg,VOLCA KEYS,Korg VOLCA KEYS,1,1,2026-05-10,2026-05-10,0
Korg,VOLCA SAMPLE,Korg VOLCA SAMPLE,1,1,2026-03-08,2026-03-08,0
Korg,Vendo korg pa300,Korg Vendo korg pa300,1,1,2026-03-08,2026-03-08,0
Korg,Volca 1,Korg Volca 1,1,1,2026-03-08,2026-03-08,0
Korg,Volca Bass,Korg Volca Bass,3,3,2026-03-08,2026-04-12,1
Korg,Volca Bass Poco Uso,Korg Volca Bass Poco Uso,0,0,,,0
Korg,Volca Beats,Korg Volca Beats,5,5,2026-03-08,2026-03-16,1
Korg,Volca Drum,Korg Volca Drum,1,1,2026-04-23,2026-04-23,0
Korg,Volca FM,Korg Volca FM,1,1,2026-03-08,2026-03-08,0
Korg,Volca FM2,Korg Volca FM2,4,4,2023-08-07,2026-03-23,1
Korg,Volca Keys,Korg Volca Keys,3,2,2026-03-08,2026-03-08,1
Korg,Volca Kick,Korg Volca Kick,1,1,2022-12-31,2022-12-31,0
Korg,Volca Modular,Korg Volca Modular,0,0,,,0
Korg,Volca Nubass,Korg Volca Nubass,0,0,,,0
Korg,Volca Sample New Generation,Korg Volca Sample New Generation,1,1,2026-03-08,2026-03-08,0
Korg,Volca Stand,Korg Volca Stand,1,1,2026-03-08,2026-03-08,0
Korg,Volcas,Korg Volcas,1,1,2026-03-08,2026-03-08,0
Korg,WAVESTATE & ΔΩΡΟ 3 ΣΥΛΛΟΓΕΣ,Korg WAVESTATE & ΔΩΡΟ 3 ΣΥΛΛΟΓΕΣ,1,1,2026-03-08,2026-03-08,0
Korg,Wavestate,Korg Wavestate,0,0,,,0
Korg,Wavestate MkII,Korg Wavestate MkII,2,2,2026-03-07,2026-03-08,1
Korg,Wavestate Module,Korg Wavestate Module,0,0,,,0
Korg,Wavestate SE,Korg Wavestate SE,2,2,2026-03-08,2026-03-16,1
Korg,Wavestation,Korg Wavestation,3,3,2023-08-07,2026-03-23,1
Korg,Wavestation A/D,Korg Wavestation A/D,2,2,2026-03-08,2026-03-16,1
Korg,Wavestation EX,Korg Wavestation EX,2,2,2023-03-01,2026-04-02,0
Korg,X3,Korg X3,0,0,,,0
Korg,X50,Korg X50,0,0,,,0
Korg,X5D - Music,Korg X5D - Music,1,1,2026-03-08,2026-03-08,0
Korg,X5DR,Korg X5DR,0,0,,,0
Korg,Z1,Korg Z1,0,0,,,0
Korg,Z3 sinte guitarra FM (DX11),Korg Z3 sinte guitarra FM (DX11),0,0,,,0
Korg,arp odyssey,Korg arp odyssey,2,2,2026-03-08,2026-05-13,1
Korg,cassette datos,Korg cassette datos,1,1,2023-03-01,2023-03-01,0
Korg,decksaver korg ka350 serie volca,Korg decksaver korg ka350 serie volca,1,1,2022-12-31,2022-12-31,0
Korg,decksaver korg minilogue,Korg decksaver korg minilogue,0,0,,,0
Korg,diskette sonidos,Korg diskette sonidos,1,1,2022-12-31,2022-12-31,0
Korg,doepfer doepfer a-106-1 xtreme filter,Korg doepfer doepfer a-106-1 xtreme filter,5,5,2022-12-31,2023-08-07,0
Korg,electribe korg electribe ea 1,Korg electribe korg electribe ea 1,1,1,2023-08-07,2023-08-07,0
Korg,elektribe korg emx1 sd,Korg elektribe korg emx1 sd,2,2,2023-06-07,2023-08-07,0
Korg,ex 800,Korg ex 800,1,1,2026-03-08,2026-03-08,0
Korg,flamante korg pa5x-61 !!!,Korg flamante korg pa5x-61 !!!,0,0,,,0
Korg,funda korg,Korg funda korg,1,1,2022-12-31,2022-12-31,0
Korg,i40m workstation,Korg i40m workstation,0,0,,,0
Korg,i4s workstation,Korg i4s workstation,1,1,2026-03-08,2026-03-08,0
Korg,i5s Workstation,Korg i5s Workstation,1,1,2026-03-16,2026-03-16,0
Korg,korg 05r w,Korg korg 05r w,1,1,2023-08-07,2023-08-07,0
Korg,korg cx3 restaurado,Korg korg cx3 restaurado,3,3,2023-06-04,2023-08-07,0
Korg,korg electribe-a ea-1 analog modeling,Korg korg electribe-a ea-1 analog modeling,1,1,2023-03-01,2023-03-01,0
Korg,korg electribe-mx emx-1,Korg korg electribe-mx emx-1,1,1,2023-03-01,2023-03-01,0
Korg,korg kingkorg black,Korg korg kingkorg black,1,1,2023-08-07,2023-08-07,0
Korg,korg m 50 88 teclas,Korg korg m 50 88 teclas,6,6,2022-12-31,2026-03-16,0
Korg,korg microkey2- 37 teclas,Korg korg microkey2- 37 teclas,3,3,2023-06-04,2023-08-07,0
Korg,korg minikorg 700 - 32,Korg korg minikorg 700 - 32,3,3,2023-06-04,2023-08-07,0
Korg,korg monologue,Korg korg monologue,4,4,2022-12-31,2026-05-03,1
Korg,korg monotribe analogue ribbon station,Korg korg monotribe analogue ribbon station,1,1,2023-08-07,2023-08-07,0
Korg,korg ms2000r,Korg korg ms2000r,4,4,2022-12-31,2023-08-07,0
Korg,korg opsix,Korg korg opsix,1,1,2023-03-01,2023-03-01,0
Korg,korg pa 1000,Korg korg pa 1000,2,2,2023-03-01,2026-03-16,0
Korg,korg prologue 8 analogue,Korg korg prologue 8 analogue,0,0,,,0
Korg,korg rk100,Korg korg rk100,3,3,2023-06-04,2023-08-07,0
Korg,korg sq-1 sq1,Korg korg sq-1 sq1,3,3,2023-06-04,2023-08-07,0
Korg,korg sv1 73 black,Korg korg sv1 73 black,1,1,2023-08-07,2023-08-07,0
Korg,korg trinity plus,Korg korg trinity plus,2,2,2023-08-07,2026-03-08,0
Korg,korg wavestate,Korg korg wavestate,0,0,,,0
Korg,korg x3,Korg korg x3,2,2,2023-03-01,2026-03-08,0
Korg,krome 61,Korg krome 61,1,1,2026-03-08,2026-03-08,0
Korg,m-50 73keys,Korg m-50 73keys,1,1,2026-04-05,2026-04-05,0
Korg,micro (2009),Korg micro (2009),0,0,,,0
Korg,micro X,Korg micro X,0,0,,,0
Korg,micro x,Korg micro x,0,0,,,0
Korg,microKEY Air 49 (Bluetooth),Korg microKEY Air 49 (Bluetooth),0,0,,,0
Korg,microKONTROL,Korg microKONTROL,1,1,2026-03-08,2026-03-08,0
Korg,microKORG,Korg microKORG,0,0,,,0
Korg,microKORG 2,Korg microKORG 2,1,1,2026-03-08,2026-03-08,0
Korg,microKORG S,Korg microKORG S,1,1,2026-03-08,2026-03-08,0
Korg,microKORG XL,Korg microKORG XL,2,2,2026-03-08,2026-03-08,1
Korg,microKORG XL+,Korg microKORG XL+,1,1,2026-03-08,2026-03-08,0
Korg,miniKORG 700Sm,Korg miniKORG 700Sm,0,0,,,0
Korg,minikorg 700FS,Korg minikorg 700FS,1,1,2026-05-07,2026-05-07,0
Korg,miniloge xd,Korg miniloge xd,1,1,2026-04-15,2026-04-15,0
Korg,monologue,Korg monologue,0,0,,,0
Korg,monoloque,Korg monoloque,1,1,2026-05-01,2026-05-01,0
Korg,ms 20,Korg ms 20,2,2,2026-03-08,2026-03-16,1
Korg,multi/poly,Korg multi/poly,0,0,,,0
Korg,multi/poly Module,Korg multi/poly Module,0,0,,,0
Korg,nano control white,Korg nano control white,1,1,2026-03-08,2026-03-08,0
Korg,nanoKEY,Korg nanoKEY,1,1,2026-04-08,2026-04-08,0
Korg,nanoKONTROL Studio,Korg nanoKONTROL Studio,1,1,2026-04-04,2026-04-04,0
Korg,nts-1 kit,Korg nts-1 kit,0,0,,,0
Korg,odyssey behringer odyssey,Korg odyssey behringer odyssey,1,1,2023-03-01,2023-03-01,0
Korg,odyssey korg arp odyssey mkii,Korg odyssey korg arp odyssey mkii,1,1,2023-03-01,2023-03-01,0
Korg,odyssey stardust synth cover,Korg odyssey stardust synth cover,5,5,2022-12-31,2023-08-07,0
Korg,opsix MKII,Korg opsix MKII,0,0,,,0
Korg,opsix Module,Korg opsix Module,0,0,,,0
Korg,pa 4 61,Korg pa 4 61,1,1,2026-03-08,2026-03-08,0
Korg,pa 500 ort,Korg pa 500 ort,1,1,2026-03-08,2026-03-08,0
Korg,pa 800,Korg pa 800,0,0,,,0
Korg,pa1000,Korg pa1000,0,0,,,0
Korg,pa1x pro elite,Korg pa1x pro elite,1,1,2026-04-05,2026-04-05,0
Korg,pa2xpro,Korg pa2xpro,1,1,2026-03-08,2026-03-08,0
Korg,pa300,Korg pa300,1,1,2026-03-08,2026-03-08,0
Korg,pa50 πωλειται,Korg pa50 πωλειται,1,1,2026-03-08,2026-03-08,0
Korg,pa600 μιας εβδομαδας,Korg pa600 μιας εβδομαδας,1,1,2026-03-08,2026-03-08,0
Korg,pa600-σκληρή θήκη.,Korg pa600-σκληρή θήκη.,0,0,,,0
Korg,pa600QT,Korg pa600QT,2,2,2026-03-08,2026-03-08,1
Korg,pa600Qt,Korg pa600Qt,0,0,,,0
Korg,pa80,Korg pa80,0,0,,,0
Korg,padKONTROL,Korg padKONTROL,1,1,2026-03-08,2026-03-08,0
Korg,polly 800 2,Korg polly 800 2,1,1,2026-03-08,2026-03-08,0
Korg,poly korg poly 61 m,Korg poly korg poly 61 m,1,1,2022-12-31,2022-12-31,0
Korg,rack korg tritón,Korg rack korg tritón,1,1,2022-12-31,2022-12-31,0
Korg,radias,Korg radias,0,0,,,0
Korg,radias rack,Korg radias rack,1,1,2026-03-08,2026-03-08,0
Korg,sq 64 sequences,Korg sq 64 sequences,1,1,2026-03-08,2026-03-08,0
Korg,tr rack,Korg tr rack,1,1,2026-03-08,2026-03-08,0
Korg,trinity plus,Korg trinity plus,0,0,,,0
Korg,trinity plus τι τέλεια κατάσταση,Korg trinity plus τι τέλεια κατάσταση,1,1,2026-03-08,2026-03-08,0
Korg,va korg ms2000r,Korg va korg ms2000r,1,1,2022-12-31,2022-12-31,0
Korg,vends korg pa800.,Korg vends korg pa800.,0,0,,,0
Korg,volca 2 tier stand,Korg volca 2 tier stand,1,1,2026-03-08,2026-03-08,0
Korg,volca korg volca fm,Korg volca korg volca fm,1,1,2023-08-07,2023-08-07,0
Korg,volca korg volca sample,Korg volca korg volca sample,1,1,2023-08-07,2023-08-07,0
Korg,Αρμονιο KORG pa3,Korg Αρμονιο KORG pa3,1,1,2026-03-23,2026-03-23,0
Korg,Αρμόνιο Korg Pa50 (,Korg Αρμόνιο Korg Pa50 (,0,0,,,0
Korg,ΖΗΤΗΤΑΙ KORG PA80,Korg ΖΗΤΗΤΑΙ KORG PA80,1,1,2026-04-27,2026-04-27,0
Korg,Ζητάω KORG SV-2S,Korg Ζητάω KORG SV-2S,1,1,2026-03-23,2026-03-23,0
Korg,Θηκη,Korg Θηκη,0,0,,,0
Korg,ΚΑΡΤΑ ΗΧΟΥ,Korg ΚΑΡΤΑ ΗΧΟΥ,1,1,2026-03-08,2026-03-08,0
Korg,Ολοκαίνουργιο PA300 korg,Korg Ολοκαίνουργιο PA300 korg,1,1,2026-03-23,2026-03-23,0
Korg,Ολοκαίνουριο συνθεσάϊζερ KORG EK 50,Korg Ολοκαίνουριο συνθεσάϊζερ KORG EK 50,1,1,2026-03-23,2026-03-23,0
Korg,Πωλείται Korg PA 700 αμεταχείριστο,Korg Πωλείται Korg PA 700 αμεταχείριστο,1,1,2026-03-08,2026-03-08,0
Korg,Πωλείται Korg SV1,Korg Πωλείται Korg SV1,1,1,2026-03-08,2026-03-08,0
Korg,Πωλείται korg pa 3 x,Korg Πωλείται korg pa 3 x,1,1,2026-03-08,2026-03-08,0
Korg,Πωλείται συνθεσάιζερ korg trinity,Korg Πωλείται συνθεσάιζερ korg trinity,1,1,2026-03-08,2026-03-08,0
Korg,ΣΕΤ,Korg ΣΕΤ,0,0,,,0
Korg,Σταθμός εργασίας μουσικής Korg Kronos,Korg Σταθμός εργασίας μουσικής Korg Kronos,1,1,2026-04-11,2026-04-11,0
Korg,Τροφοδοτικό- korg pa 300,Korg Τροφοδοτικό- korg pa 300,1,1,2026-03-08,2026-03-08,0
Korg,πλακέτα,Korg πλακέτα,1,1,2026-03-08,2026-03-08,0
Kurzweil,1000 GX,Kurzweil 1000 GX,1,1,2026-03-08,2026-03-08,0
Kurzweil,1000 HX,Kurzweil 1000 HX,1,1,2026-03-08,2026-03-08,0
Kurzweil,1000 PX,Kurzweil 1000 PX,1,1,2026-03-08,2026-03-08,0
Kurzweil,1000 SX,Kurzweil 1000 SX,1,1,2026-03-08,2026-03-08,0
Kurzweil,"1000 set (GX,PX,HX,SX)","Kurzweil 1000 set (GX,PX,HX,SX)",1,1,2026-03-08,2026-03-08,0
Kurzweil,2500X 88 keys,Kurzweil 2500X 88 keys,1,1,2026-03-08,2026-03-08,0
Kurzweil,Artis 7 76-Key Professional Stage,Kurzweil Artis 7 76-Key Professional Stage,1,1,2026-03-08,2026-03-08,0
Kurzweil,Forte,Kurzweil Forte,3,3,2023-06-04,2023-08-07,0
Kurzweil,Forte 7,Kurzweil Forte 7,1,1,2026-03-16,2026-03-16,0
Kurzweil,Forte SE,Kurzweil Forte SE,0,0,,,0
Kurzweil,K 2000 v2,Kurzweil K 2000 v2,1,1,2026-03-08,2026-03-08,0
Kurzweil,K1000,Kurzweil K1000,0,0,,,0
Kurzweil,K1200,Kurzweil K1200,0,0,,,0
Kurzweil,K1200 Pro,Kurzweil K1200 Pro,0,0,,,0
Kurzweil,K2000,Kurzweil K2000,4,4,2023-03-01,2026-03-08,1
Kurzweil,K2000R,Kurzweil K2000R,4,4,2022-12-31,2026-03-08,1
Kurzweil,K2061,Kurzweil K2061,0,0,,,0
Kurzweil,K2088,Kurzweil K2088,0,0,,,0
Kurzweil,K250,Kurzweil K250,0,0,,,0
Kurzweil,K2500,Kurzweil K2500,1,1,2026-03-08,2026-03-08,0
Kurzweil,K2500R,Kurzweil K2500R,1,1,2026-04-02,2026-04-02,0
Kurzweil,K2500X,Kurzweil K2500X,0,0,,,0
Kurzweil,K2600,Kurzweil K2600,1,1,2026-03-08,2026-03-08,0
Kurzweil,K2661,Kurzweil K2661,0,0,,,0
Kurzweil,K2700,Kurzweil K2700,0,0,,,0
Kurzweil,KA-90,Kurzweil KA-90,1,1,2026-03-08,2026-03-08,0
Kurzweil,Micro Ensemble,Kurzweil Micro Ensemble,1,1,2026-03-08,2026-03-08,0
Kurzweil,PC3,Kurzweil PC3,3,3,2026-03-08,2026-03-16,1
Kurzweil,PC3A6,Kurzweil PC3A6,0,0,,,0
Kurzweil,PC3A7,Kurzweil PC3A7,0,0,,,0
Kurzweil,PC3A8,Kurzweil PC3A8,0,0,,,0
Kurzweil,PC3K,Kurzweil PC3K,0,0,,,0
Kurzweil,PC3K6,Kurzweil PC3K6,0,0,,,0
Kurzweil,PC3K7,Kurzweil PC3K7,0,0,,,0
Kurzweil,PC3K8,Kurzweil PC3K8,0,0,,,0
Kurzweil,PC4,Kurzweil PC4,3,3,2026-03-16,2026-03-23,1
Kurzweil,Pedales Sustain Kurzweil KP-1,Kurzweil Pedales Sustain Kurzweil KP-1,1,1,2026-03-19,2026-03-19,0
Kurzweil,SP4-7,Kurzweil SP4-7,0,0,,,0
Kurzweil,SP4-8,Kurzweil SP4-8,0,0,,,0
Kurzweil,SP6,Kurzweil SP6,1,1,2026-03-08,2026-03-08,0
Kurzweil,SP6 stage piano,Kurzweil SP6 stage piano,1,1,2026-03-23,2026-03-23,0
Kurzweil,SP88 X,Kurzweil SP88 X,1,1,2026-03-08,2026-03-08,0
Kurzweil,kp300x,Kurzweil kp300x,1,1,2026-03-08,2026-03-08,0
Kurzweil,kurzweil mp10,Kurzweil kurzweil mp10,1,1,2023-03-01,2023-03-01,0
Kurzweil,kurzweil pc2 rack,Kurzweil kurzweil pc2 rack,3,3,2023-06-04,2023-08-07,0
Kurzweil,mps20,Kurzweil mps20,1,1,2026-03-08,2026-03-08,0
Kurzweil,Πιάνο KURZWEIL SP5-8 Stage piano,Kurzweil Πιάνο KURZWEIL SP5-8 Stage piano,1,1,2026-03-23,2026-03-23,0
Kurzweil,Πωλείται Kurzweil Sp1,Kurzweil Πωλείται Kurzweil Sp1,1,1,2026-03-08,2026-03-08,0
Lambda Synthetics,PolyPulse,Lambda Synthetics PolyPulse,0,0,,,0
M-Audio,61 code (MIDI),M-Audio 61 code (MIDI),1,1,2026-03-08,2026-03-08,0
M-Audio,Axiom 25,M-Audio Axiom 25,0,0,,,0
M-Audio,Axiom 49,M-Audio Axiom 49,1,0,2026-03-31,2026-03-31,0
M-Audio,Axiom 61,M-Audio Axiom 61,3,3,2026-03-08,2026-03-08,1
M-Audio,Axiom Air 25,M-Audio Axiom Air 25,0,0,,,0
M-Audio,Axiom Air 49,M-Audio Axiom Air 49,0,0,,,0
M-Audio,Axiom Air 61,M-Audio Axiom Air 61,0,0,,,0
M-Audio,Axiom pro 61,M-Audio Axiom pro 61,1,1,2026-03-08,2026-03-08,0
M-Audio,Code 61 midi,M-Audio Code 61 midi,1,1,2026-03-08,2026-03-08,0
M-Audio,Hammer 88,M-Audio Hammer 88,2,2,2026-03-08,2026-03-08,1
M-Audio,Hammer 88 (μαζί,M-Audio Hammer 88 (μαζί,1,1,2026-04-17,2026-04-17,0
M-Audio,Hammer 88 hammer action midi,M-Audio Hammer 88 hammer action midi,1,1,2026-03-08,2026-03-08,0
M-Audio,IK Multimedia UNO Synth,M-Audio IK Multimedia UNO Synth,1,1,2026-03-08,2026-03-08,0
M-Audio,KeyRig49 USB Midi,M-Audio KeyRig49 USB Midi,1,1,2026-03-19,2026-03-19,0
M-Audio,Keystasion 61,M-Audio Keystasion 61,1,1,2026-03-08,2026-03-08,0
M-Audio,Keystation 49,M-Audio Keystation 49,2,2,2026-03-08,2026-03-08,1
M-Audio,Keystation 61,M-Audio Keystation 61,6,6,2026-03-08,2026-04-29,1
M-Audio,Keystation 88,M-Audio Keystation 88,3,3,2026-03-08,2026-03-08,1
M-Audio,Keystation Mini 32,M-Audio Keystation Mini 32,0,0,,,0
M-Audio,M Audio Code 61,M-Audio M Audio Code 61,1,1,2026-03-08,2026-03-08,0
M-Audio,M audio axiom,M-Audio M audio axiom,1,1,2026-03-16,2026-03-16,0
M-Audio,MAUDIO KEYSTATION PRO88,M-Audio MAUDIO KEYSTATION PRO88,1,1,2026-03-08,2026-03-08,0
M-Audio,Miditech Midistart 3 Prokeys,M-Audio Miditech Midistart 3 Prokeys,1,1,2026-05-11,2026-05-11,0
M-Audio,Oxygen 25,M-Audio Oxygen 25,1,1,2026-03-08,2026-03-08,0
M-Audio,Oxygen 49,M-Audio Oxygen 49,2,2,2026-03-08,2026-05-14,1
M-Audio,Oxygen 61,M-Audio Oxygen 61,4,4,2023-03-01,2026-03-08,1
M-Audio,Oxygen Pro 49,M-Audio Oxygen Pro 49,0,0,,,0
M-Audio,Oxygen V2,M-Audio Oxygen V2,1,1,2026-03-08,2026-03-08,0
M-Audio,Oxygen49,M-Audio Oxygen49,1,1,2026-03-08,2026-03-08,0
M-Audio,Uc-33e Evolution Midi,M-Audio Uc-33e Evolution Midi,1,1,2026-03-08,2026-03-08,0
M-Audio,Uno synth pro X,M-Audio Uno synth pro X,1,1,2026-03-08,2026-03-08,0
M-Audio,Venom,M-Audio Venom,1,1,2026-03-08,2026-03-08,0
M-Audio,controlador m-audio 5 octavas evolution,M-Audio controlador m-audio 5 octavas evolution,4,4,2023-03-01,2023-08-07,0
M-Audio,controlador m-audio oxigen pro mini,M-Audio controlador m-audio oxigen pro mini,3,3,2023-06-04,2023-08-07,0
M-Audio,m-audio oxygen pro 49,M-Audio m-audio oxygen pro 49,5,5,2022-12-31,2026-05-03,0
M-Audio,sp 1,M-Audio sp 1,1,1,2026-03-08,2026-03-08,0
M-Audio,Πωλείται M-audio oxygen 88,M-Audio Πωλείται M-audio oxygen 88,1,1,2026-03-08,2026-03-08,0
M-Audio,Πωλείται Midi M-Audio Oxygen Pro,M-Audio Πωλείται Midi M-Audio Oxygen Pro,1,1,2026-03-08,2026-03-08,0
M-Audio,Πώληση M-Audio keystation 49,M-Audio Πώληση M-Audio keystation 49,1,1,2026-05-01,2026-05-01,0
MFB,522 Drumcomputer,MFB 522 Drumcomputer,1,1,2026-04-10,2026-04-10,0
MFB,Dominion 1,MFB Dominion 1,5,5,2023-06-04,2026-04-02,1
MFB,Dominion 6,MFB Dominion 6,0,0,,,0
MFB,Dominion Club,MFB Dominion Club,1,1,2026-04-23,2026-04-23,0
MFB,Microzwer,MFB Microzwer,1,1,2026-03-08,2026-03-08,0
MFB,SYNTH 2,MFB SYNTH 2,1,1,2026-03-16,2026-03-16,0
MFB,Synth II,MFB Synth II,0,0,,,0
MFB,Synth Pro,MFB Synth Pro,0,0,,,0
MFB,Tanzbar 2,MFB Tanzbar 2,0,0,,,0
MFB,Tanzbär,MFB Tanzbär,1,1,2026-03-16,2026-03-16,0
MFB,Tanzbär 2,MFB Tanzbär 2,0,0,,,0
MFB,Tanzbär Lite,MFB Tanzbär Lite,0,0,,,0
MFB,Urzwerg Pro,MFB Urzwerg Pro,0,0,,,0
MFB,mfb drum 99,MFB mfb drum 99,1,1,2023-03-01,2023-03-01,0
MFB,mfb kraftzwerg,MFB mfb kraftzwerg,3,3,2023-06-04,2023-08-07,0
MFB,mfb tanzbar,MFB mfb tanzbar,2,2,2023-03-01,2026-04-11,0
MFB,mfb tanzbar caja,MFB mfb tanzbar caja,1,1,2023-08-07,2023-08-07,0
Macbeth Studio,M5N,Macbeth Studio M5N,0,0,,,0
Macbeth Studio,X-Series,Macbeth Studio X-Series,0,0,,,0
Majella Audio,Implexus,Majella Audio Implexus,0,0,,,0
Make Noise,0-CTRL,Make Noise 0-CTRL,0,0,,,0
Make Noise,0-Coast,Make Noise 0-Coast,1,1,2026-05-13,2026-05-13,0
Make Noise,Maths,Make Noise Maths,1,1,2026-03-08,2026-03-08,0
Make Noise,QPAS,Make Noise QPAS,1,1,2026-03-08,2026-03-08,0
Make Noise,Shared System,Make Noise Shared System,0,0,,,0
Make Noise,Strega,Make Noise Strega,1,1,2023-03-01,2023-03-01,0
Make Noise,TEMPI,Make Noise TEMPI,1,1,2026-03-08,2026-03-08,0
Make Noise,Telharmnonic - Make Noise,Make Noise Telharmnonic - Make Noise,1,1,2026-04-02,2026-04-02,0
Make Noise,Telharmonic,Make Noise Telharmonic,1,0,2026-03-28,2026-03-28,0
Make Noise,multimod,Make Noise multimod,1,1,2026-03-27,2026-03-27,0
Make Noise,rene 2,Make Noise rene 2,3,3,2023-06-04,2023-08-07,0
Manikin-Electronic,Memotron M2D,Manikin-Electronic Memotron M2D,0,0,,,0
Manikin-Electronic,Memotron M2K,Manikin-Electronic Memotron M2K,0,0,,,0
Manikin-Electronic,Memotron M2K Black,Manikin-Electronic Memotron M2K Black,0,0,,,0
Mayer EMI,MD850 Vibes,Mayer EMI MD850 Vibes,0,0,,,0
Melbourne Instruments,Nina B-Stock,Melbourne Instruments Nina B-Stock,0,0,,,0
Mellotron,M4000D,Mellotron M4000D,0,0,,,0
Mellotron,M4000D Black,Mellotron M4000D Black,0,0,,,0
Mellotron,M4000D Mini,Mellotron M4000D Mini,0,0,,,0
Mellotron,M4000D Mini Black,Mellotron M4000D Mini Black,0,0,,,0
Mellotron,M4000D Rack,Mellotron M4000D Rack,0,0,,,0
Mellotron,Micro,Mellotron Micro,0,0,,,0
Mellotron,Micro Black,Mellotron Micro Black,0,0,,,0
Mellotron,Micro Module,Mellotron Micro Module,0,0,,,0
Miditech,Pianobox Pro HOST,Miditech Pianobox Pro HOST,0,0,,,0
Miditech,Pianobox mini II,Miditech Pianobox mini II,0,0,,,0
Modal,Argon8,Modal Argon8,0,0,,,0
Modal,Argon8M,Modal Argon8M,0,0,,,0
Modal,Argon8X,Modal Argon8X,0,0,,,0
Modal,Carbon8,Modal Carbon8,0,0,,,0
Modal,Carbon8M,Modal Carbon8M,0,0,,,0
Modal,Carbon8X,Modal Carbon8X,0,0,,,0
Modal,Cobalt5s,Modal Cobalt5s,0,0,,,0
Modal,Cobalt8,Modal Cobalt8,0,0,,,0
Modal,Cobalt8M,Modal Cobalt8M,0,0,,,0
Modal,Cobalt8X,Modal Cobalt8X,0,0,,,0
Modal Electronics,",Cobalt s5","Modal Electronics ,Cobalt s5",2,2,2026-03-16,2026-03-30,1
Modal Electronics,002,Modal Electronics 002,0,0,,,0
Modal Electronics,002R,Modal Electronics 002R,0,0,,,0
Modal Electronics,ARGON8M _ - by Modal,Modal Electronics ARGON8M _ - by Modal,1,1,2026-03-08,2026-03-08,0
Modal Electronics,Argon 8,Modal Electronics Argon 8,2,2,2026-03-07,2026-03-16,1
Modal Electronics,Argon 8M,Modal Electronics Argon 8M,3,3,2023-06-04,2023-08-07,0
Modal Electronics,Argon 8X,Modal Electronics Argon 8X,0,0,,,0
Modal Electronics,Cobalt 5S,Modal Electronics Cobalt 5S,1,1,2026-03-08,2026-03-08,0
Modal Electronics,Cobalt 8,Modal Electronics Cobalt 8,3,3,2022-12-31,2026-03-16,0
Modal Electronics,Cobalt 8M,Modal Electronics Cobalt 8M,0,0,,,0
Modal Electronics,Cobalt 8X,Modal Electronics Cobalt 8X,1,1,2023-03-01,2023-03-01,0
Modal Electronics,"Cobalt s5,","Modal Electronics Cobalt s5,",1,1,2026-05-10,2026-05-10,0
Modal Electronics,Craft Synth 2.0,Modal Electronics Craft Synth 2.0,0,0,,,0
Modal Electronics,MODAL COBALT8M,Modal Electronics MODAL COBALT8M,1,1,2026-03-08,2026-03-08,0
Modal Electronics,Modal Argon 8m,Modal Electronics Modal Argon 8m,1,1,2026-04-09,2026-04-09,0
Modal Electronics,Modal Argon8,Modal Electronics Modal Argon8,6,6,2022-12-31,2026-03-16,0
Modal Electronics,Modal Argon8 ΜΕΙΩΣΗ ΤΙΜΗΣ,Modal Electronics Modal Argon8 ΜΕΙΩΣΗ ΤΙΜΗΣ,1,1,2026-03-08,2026-03-08,0
Modal Electronics,Modal Argon8X,Modal Electronics Modal Argon8X,1,1,2026-05-13,2026-05-13,0
Modal Electronics,Modal Argon8x,Modal Electronics Modal Argon8x,1,1,2026-03-08,2026-03-08,0
Modal Electronics,Modal Cobalt 8,Modal Electronics Modal Cobalt 8,2,2,2026-05-07,2026-05-08,1
Modal Electronics,Modal Cobalt 8 M,Modal Electronics Modal Cobalt 8 M,1,1,2026-05-06,2026-05-06,0
Modal Electronics,Modal Cobalt5S,Modal Electronics Modal Cobalt5S,1,1,2026-03-16,2026-03-16,0
Modal Electronics,Modal Craftsynth 2,Modal Electronics Modal Craftsynth 2,1,1,2026-03-08,2026-03-08,0
Modal Electronics,Skulpt,Modal Electronics Skulpt,0,0,,,0
Modal Electronics,argon8x,Modal Electronics argon8x,1,1,2023-08-07,2023-08-07,0
Modal Electronics,modal argon8,Modal Electronics modal argon8,0,0,,,0
Modal Electronics,modal argon8x electronics,Modal Electronics modal argon8x electronics,2,2,2023-06-04,2023-06-07,0
Modor,NF-1,Modor NF-1,0,0,,,0
Modor,NF-1m,Modor NF-1m,0,0,,,0
Mooer,Micro Drummer II,Mooer Micro Drummer II,0,0,,,0
Mooer,Stereo Drummer X2,Mooer Stereo Drummer X2,0,0,,,0
Moog,12stage Phaser,Moog 12stage Phaser,1,1,2026-03-16,2026-03-16,0
Moog,CP 251,Moog CP 251,1,1,2026-03-08,2026-03-08,0
Moog,Custom ξυλινη βαση,Moog Custom ξυλινη βαση,1,1,2026-03-08,2026-03-08,0
Moog,DFAM,Moog DFAM,7,7,2023-03-01,2026-05-13,1
Moog,DFAM semi-modular,Moog DFAM semi-modular,0,0,,,0
Moog,Doepfer Filtro Moog A-120 V.Edition,Moog Doepfer Filtro Moog A-120 V.Edition,1,1,2026-05-06,2026-05-06,0
Moog,Funda Thomann,Moog Funda Thomann,1,1,2026-03-22,2026-03-22,0
Moog,Geddy Lee Minimoog,Moog Geddy Lee Minimoog,0,0,,,0
Moog,Geddy Lee Minimoog Model D,Moog Geddy Lee Minimoog Model D,0,0,,,0
Moog,Grandmother,Moog Grandmother,5,5,2026-03-08,2026-05-06,1
Moog,Labyrinth,Moog Labyrinth,1,1,2026-03-19,2026-03-19,0
Moog,Little Phatty,Moog Little Phatty,2,2,2026-03-08,2026-04-02,1
Moog,Matriarch,Moog Matriarch,3,3,2026-03-16,2026-04-22,1
Moog,Matriarch SR,Moog Matriarch SR,0,0,,,0
Moog,Mavis,Moog Mavis,0,0,,,0
Moog,Mavis Analogue Synth Semi Modular,Moog Mavis Analogue Synth Semi Modular,1,1,2026-04-22,2026-04-22,0
Moog,Messenger,Moog Messenger,1,1,2026-03-19,2026-03-19,0
Moog,Minimoog,Moog Minimoog,0,0,,,0
Moog,Minimoog D,Moog Minimoog D,0,0,,,0
Moog,Minimoog Model D 2022,Moog Minimoog Model D 2022,0,0,,,0
Moog,Minimoog Model D original 70s,Moog Minimoog Model D original 70s,1,1,2026-05-06,2026-05-06,0
Moog,Minimoog Model D reissue 2022,Moog Minimoog Model D reissue 2022,1,1,2026-04-16,2026-04-16,0
Moog,Minimoog Voyager,Moog Minimoog Voyager,1,1,2026-03-08,2026-03-08,0
Moog,Minimoog Voyager RME,Moog Minimoog Voyager RME,0,0,,,0
Moog,Minitaur,Moog Minitaur,4,4,2023-03-01,2026-03-16,1
Moog,Moog Muse,Moog Moog Muse,1,1,2026-05-02,2026-05-02,0
Moog,Moog One,Moog Moog One,5,5,2023-06-04,2026-03-19,1
Moog,MoogerFooger MF-101,Moog MoogerFooger MF-101,0,0,,,0
Moog,MoogerFooger MF-102,Moog MoogerFooger MF-102,0,0,,,0
Moog,MoogerFooger MF-103,Moog MoogerFooger MF-103,0,0,,,0
Moog,MoogerFooger MF-104,Moog MoogerFooger MF-104,0,0,,,0
Moog,MoogerFooger MF-104M,Moog MoogerFooger MF-104M,0,0,,,0
Moog,MoogerFooger MF-105,Moog MoogerFooger MF-105,0,0,,,0
Moog,MoogerFooger MF-107,Moog MoogerFooger MF-107,0,0,,,0
Moog,Mother - 32,Moog Mother - 32,1,1,2026-03-08,2026-03-08,0
Moog,Mother 32,Moog Mother 32,0,0,,,0
Moog,Mother-32,Moog Mother-32,1,1,2026-04-09,2026-04-09,0
Moog,Muse,Moog Muse,0,0,,,0
Moog,One 16 Voices,Moog One 16 Voices,1,1,2026-04-12,2026-04-12,0
Moog,Opus 3,Moog Opus 3,0,0,,,0
Moog,Phatty,Moog Phatty,0,0,,,0
Moog,Polymoog,Moog Polymoog,0,0,,,0
Moog,Polymoog Keyboard,Moog Polymoog Keyboard,0,0,,,0
Moog,Polymoog Synthesizer,Moog Polymoog Synthesizer,0,0,,,0
Moog,Prodigy,Moog Prodigy,0,0,,,0
Moog,Rogue,Moog Rogue,0,0,,,0
Moog,SUB 25,Moog SUB 25,1,1,2026-03-08,2026-03-08,0
Moog,Satellite,Moog Satellite,0,0,,,0
Moog,Sirin,Moog Sirin,2,2,2026-03-08,2026-03-16,1
Moog,Slim Phatty,Moog Slim Phatty,5,5,2023-03-01,2026-04-02,0
Moog,Sonic Six,Moog Sonic Six,0,0,,,0
Moog,Source,Moog Source,0,0,,,0
Moog,Spectravox,Moog Spectravox,2,2,2026-03-08,2026-04-20,1
Moog,Stand,Moog Stand,1,1,2026-03-08,2026-03-08,0
Moog,Sub Phatty,Moog Sub Phatty,0,0,,,0
Moog,Subharmonicon,Moog Subharmonicon,2,2,2023-03-01,2023-08-07,0
Moog,"Subharmonicon, DFAM, Labyrinth","Moog Subharmonicon, DFAM, Labyrinth",1,1,2026-04-11,2026-04-11,0
Moog,Subsequent 37,Moog Subsequent 37,3,3,2026-03-08,2026-04-30,1
Moog,Subsequent 37 CV,Moog Subsequent 37 CV,1,1,2026-05-13,2026-05-13,0
Moog,Taurus,Moog Taurus,0,0,,,0
Moog,Taurus 3,Moog Taurus 3,0,0,,,0
Moog,Taurus II,Moog Taurus II,0,0,,,0
Moog,Theremini,Moog Theremini,3,3,2026-03-08,2026-03-08,1
Moog,VX351 CV Expander & CP-251,Moog VX351 CV Expander & CP-251,1,1,2026-03-08,2026-03-08,0
Moog,Voyager,Moog Voyager,1,1,2026-03-16,2026-03-16,0
Moog,Voyager Select Series,Moog Voyager Select Series,1,1,2026-03-16,2026-03-16,0
Moog,Voyager XL,Moog Voyager XL,1,1,2026-03-16,2026-03-16,0
Moog,Werkstatt - 01,Moog Werkstatt - 01,1,1,2026-03-08,2026-03-08,0
Moog,grandmother,Moog grandmother,0,0,,,0
Moog,moog minomoog voyager electric blue,Moog moog minomoog voyager electric blue,1,1,2023-03-01,2023-03-01,0
Moog,moog mother 32,Moog moog mother 32,7,7,2022-12-31,2026-04-09,1
Moog,moog mother 32 semimodular,Moog moog mother 32 semimodular,0,0,,,0
Moog,pack moog voyager,Moog pack moog voyager,1,1,2023-03-01,2023-03-01,0
Moog,system moog system 15,Moog system moog system 15,4,4,2022-12-31,2023-08-07,0
Moog,voyager blue edition,Moog voyager blue edition,1,1,2026-03-08,2026-03-08,0
Mutable Instruments,Ambika Mutable Instruments,Mutable Instruments Ambika Mutable Instruments,2,2,2026-03-08,2026-03-08,1
Mutable Instruments,Ambika mutable instruments synth,Mutable Instruments Ambika mutable instruments synth,0,0,,,0
Mutable Instruments,Braids,Mutable Instruments Braids,3,3,2026-03-08,2026-03-31,1
Mutable Instruments,Clouds,Mutable Instruments Clouds,4,4,2023-08-07,2026-03-23,1
Mutable Instruments,Elements,Mutable Instruments Elements,1,1,2026-03-08,2026-03-08,0
Mutable Instruments,Frames,Mutable Instruments Frames,0,0,,,0
Mutable Instruments,Kinks,Mutable Instruments Kinks,0,0,,,0
Mutable Instruments,Links,Mutable Instruments Links,0,0,,,0
Mutable Instruments,Marbles,Mutable Instruments Marbles,3,3,2026-03-08,2026-03-23,1
Mutable Instruments,Mutable Beads,Mutable Instruments Mutable Beads,1,1,2026-04-26,2026-04-26,0
Mutable Instruments,Mutable Clouds Clon,Mutable Instruments Mutable Clouds Clon,1,1,2026-04-30,2026-04-30,0
Mutable Instruments,Mutable Yarns Clone,Mutable Instruments Mutable Yarns Clone,1,1,2026-03-08,2026-03-08,0
Mutable Instruments,Peaks,Mutable Instruments Peaks,1,1,2026-03-07,2026-03-07,0
Mutable Instruments,Plaits,Mutable Instruments Plaits,1,1,2026-03-08,2026-03-08,0
Mutable Instruments,Rings,Mutable Instruments Rings,2,1,2026-03-07,2026-03-08,0
Mutable Instruments,Ripples,Mutable Instruments Ripples,0,0,,,0
Mutable Instruments,Stages,Mutable Instruments Stages,1,1,2026-03-16,2026-03-16,0
Mutable Instruments,Stages II,Mutable Instruments Stages II,0,0,,,0
Mutable Instruments,Streams,Mutable Instruments Streams,0,0,,,0
Mutable Instruments,Tides,Mutable Instruments Tides,0,0,,,0
Mutable Instruments,Tides 2,Mutable Instruments Tides 2,0,0,,,0
Mutable Instruments,Warps,Mutable Instruments Warps,1,1,2026-03-08,2026-03-08,0
Mutable Instruments,ambika,Mutable Instruments ambika,1,1,2026-04-02,2026-04-02,0
Mutable Instruments,instruments mutable instruments shades -,Mutable Instruments instruments mutable instruments shades -,1,1,2023-08-07,2023-08-07,0
Mutable Instruments,instruments mutable instruments warps,Mutable Instruments instruments mutable instruments warps,1,1,2023-08-07,2023-08-07,0
Native Instruments,KORE 2 Native Instruments,Native Instruments KORE 2 Native Instruments,1,1,2026-03-08,2026-03-08,0
Native Instruments,Komplete A25,Native Instruments Komplete A25,1,1,2026-05-10,2026-05-10,0
Native Instruments,Komplete A61,Native Instruments Komplete A61,1,1,2026-04-25,2026-04-25,0
Native Instruments,Komplete Kontrol 88,Native Instruments Komplete Kontrol 88,1,1,2026-05-14,2026-05-14,0
Native Instruments,Komplete Kontrol A25,Native Instruments Komplete Kontrol A25,1,1,2023-08-07,2023-08-07,0
Native Instruments,Komplete Kontrol A49,Native Instruments Komplete Kontrol A49,0,0,,,0
Native Instruments,Komplete Kontrol A61,Native Instruments Komplete Kontrol A61,0,0,,,0
Native Instruments,Komplete Kontrol M32,Native Instruments Komplete Kontrol M32,3,3,2022-12-31,2026-05-06,0
Native Instruments,Komplete Kontrol S25,Native Instruments Komplete Kontrol S25,0,0,,,0
Native Instruments,Komplete Kontrol S49,Native Instruments Komplete Kontrol S49,4,4,2022-12-31,2026-03-16,1
Native Instruments,Komplete Kontrol S61,Native Instruments Komplete Kontrol S61,2,2,2023-03-01,2026-03-08,0
Native Instruments,Komplete Kontrol S61 MK2,Native Instruments Komplete Kontrol S61 MK2,5,5,2022-12-31,2026-03-07,0
Native Instruments,Komplete Kontrol S88,Native Instruments Komplete Kontrol S88,1,1,2026-04-26,2026-04-26,0
Native Instruments,Komplete Kontrol S88 MK2,Native Instruments Komplete Kontrol S88 MK2,3,3,2026-03-08,2026-03-16,1
Native Instruments,Komplete Kontrol S88 MKI,Native Instruments Komplete Kontrol S88 MKI,0,0,,,0
Native Instruments,MASCHINE MIKRO,Native Instruments MASCHINE MIKRO,1,1,2026-04-22,2026-04-22,0
Native Instruments,Machine Native Instruments,Native Instruments Machine Native Instruments,1,1,2026-03-08,2026-03-08,0
Native Instruments,Maschine,Native Instruments Maschine,8,8,2023-06-07,2026-05-02,1
Native Instruments,Maschine & Kontrol S25,Native Instruments Maschine & Kontrol S25,0,0,,,0
Native Instruments,Maschine +,Native Instruments Maschine +,0,0,,,0
Native Instruments,Maschine + ISO-Plate,Native Instruments Maschine + ISO-Plate,0,0,,,0
Native Instruments,Maschine Black,Native Instruments Maschine Black,0,0,,,0
Native Instruments,Maschine Jam,Native Instruments Maschine Jam,0,0,,,0
Native Instruments,Maschine MK1,Native Instruments Maschine MK1,1,1,2026-03-08,2026-03-08,0
Native Instruments,Maschine MK2,Native Instruments Maschine MK2,2,2,2026-03-08,2026-03-08,1
Native Instruments,Maschine MK3,Native Instruments Maschine MK3,15,15,2023-06-04,2026-04-30,1
Native Instruments,Maschine Mikro,Native Instruments Maschine Mikro,1,1,2026-03-08,2026-03-08,0
Native Instruments,Maschine Mikro MK3,Native Instruments Maschine Mikro MK3,5,5,2026-03-08,2026-04-26,1
Native Instruments,Maschine Studio,Native Instruments Maschine Studio,2,2,2023-08-07,2026-03-08,0
Native Instruments,N.I. Komplete Kontrol S61,Native Instruments N.I. Komplete Kontrol S61,1,1,2026-05-04,2026-05-04,0
Native Instruments,S88 MkII,Native Instruments S88 MkII,1,1,2026-03-30,2026-03-30,0
Native Instruments,ΕΞΟΠΛΙΣΜΟΣ NATIVE INSTRUMENTS,Native Instruments ΕΞΟΠΛΙΣΜΟΣ NATIVE INSTRUMENTS,1,1,2026-03-23,2026-03-23,0
Noise Engineering,Basimilus Iteritas Alter,Noise Engineering Basimilus Iteritas Alter,1,1,2022-12-31,2022-12-31,0
Noise Engineering,Cursus Iteritas Wavetable Oscillator,Noise Engineering Cursus Iteritas Wavetable Oscillator,1,1,2026-04-18,2026-04-18,0
Noise Engineering,Loquelic Iteritas,Noise Engineering Loquelic Iteritas,0,0,,,0
Noise Engineering,Noise Engineering Integra Funkitus,Noise Engineering Noise Engineering Integra Funkitus,1,1,2026-05-14,2026-05-14,0
Noise Engineering,Sinc Bucina,Noise Engineering Sinc Bucina,1,1,2026-04-30,2026-04-30,0
Noise Engineering,Viol Ruina,Noise Engineering Viol Ruina,0,0,,,0
Noise Engineering,Zularic Repetitor,Noise Engineering Zularic Repetitor,1,1,2026-03-08,2026-03-08,0
Noise Engineering,noise noise engineering imitor versio,Noise Engineering noise noise engineering imitor versio,1,1,2022-12-31,2022-12-31,0
Nord,Clavia Nord Lead 2x (,Nord Clavia Nord Lead 2x (,1,0,2026-04-19,2026-04-19,0
Nord,Clavia Nord modular G1,Nord Clavia Nord modular G1,1,1,2026-05-07,2026-05-07,0
Nord,Clavia nord rack2,Nord Clavia nord rack2,1,1,2026-03-16,2026-03-16,0
Nord,ELECTRO 6D 61 -,Nord ELECTRO 6D 61 -,0,0,,,0
Nord,ELECTRO 6D 73 -,Nord ELECTRO 6D 73 -,0,0,,,0
Nord,ELECTRO 7 61,Nord ELECTRO 7 61,1,1,2026-05-09,2026-05-09,0
Nord,Electro 4D 61,Nord Electro 4D 61,0,0,,,0
Nord,Electro 6D 61 (2023),Nord Electro 6D 61 (2023),0,0,,,0
Nord,GRAND 2 -,Nord GRAND 2 -,0,0,,,0
Nord,Grand,Nord Grand,2,2,2026-03-16,2026-04-11,1
Nord,Half Moon Nord,Nord Half Moon Nord,1,1,2026-03-22,2026-03-22,0
Nord,Lead 2r,Nord Lead 2r,0,0,,,0
Nord,Micromodular,Nord Micromodular,1,1,2026-05-13,2026-05-13,0
Nord,Modular G1 keys,Nord Modular G1 keys,1,1,2026-04-18,2026-04-18,0
Nord,Nord Drum,Nord Nord Drum,1,1,2026-03-16,2026-03-16,0
Nord,Nord Drum 2,Nord Nord Drum 2,1,0,2026-03-08,2026-03-08,0
Nord,Nord Drum 3P,Nord Nord Drum 3P,5,5,2026-03-07,2026-03-19,1
Nord,Nord Electro,Nord Nord Electro,1,1,2026-03-08,2026-03-08,0
Nord,Nord Electro 2,Nord Nord Electro 2,0,0,,,0
Nord,Nord Electro 3,Nord Nord Electro 3,0,0,,,0
Nord,Nord Electro 4,Nord Nord Electro 4,0,0,,,0
Nord,Nord Electro 4D,Nord Nord Electro 4D,1,1,2026-05-11,2026-05-11,0
Nord,Nord Electro 4HP,Nord Nord Electro 4HP,1,1,2026-03-08,2026-03-08,0
Nord,Nord Electro 5,Nord Nord Electro 5,0,0,,,0
Nord,Nord Electro 5D,Nord Nord Electro 5D,5,5,2023-06-04,2026-03-08,0
Nord,Nord Electro 5HP,Nord Nord Electro 5HP,1,1,2026-03-16,2026-03-16,0
Nord,Nord Electro 6,Nord Nord Electro 6,1,1,2023-08-07,2023-08-07,0
Nord,Nord Electro 6D,Nord Nord Electro 6D,7,7,2023-06-04,2026-04-11,1
Nord,Nord Electro 6HP,Nord Nord Electro 6HP,0,0,,,0
Nord,Nord Lead,Nord Nord Lead,9,9,2022-12-31,2026-04-30,1
Nord,Nord Lead 2,Nord Nord Lead 2,2,2,2026-03-08,2026-03-30,1
Nord,Nord Lead 2X,Nord Nord Lead 2X,2,2,2026-03-08,2026-03-08,1
Nord,Nord Lead 3,Nord Nord Lead 3,3,3,2022-12-31,2026-04-30,1
Nord,Nord Lead 4,Nord Nord Lead 4,1,1,2026-03-08,2026-03-08,0
Nord,Nord Lead 4R,Nord Nord Lead 4R,1,1,2026-03-08,2026-03-08,0
Nord,Nord Lead 5,Nord Nord Lead 5,0,0,,,0
Nord,Nord Lead A1,Nord Nord Lead A1,1,1,2026-04-15,2026-04-15,0
Nord,Nord Modular,Nord Nord Modular,0,0,,,0
Nord,Nord Modular G2,Nord Nord Modular G2,0,0,,,0
Nord,Nord Modular G2 Engine,Nord Nord Modular G2 Engine,1,1,2026-03-08,2026-03-08,0
Nord,Nord Piano,Nord Nord Piano,0,0,,,0
Nord,Nord Piano 2,Nord Nord Piano 2,0,0,,,0
Nord,Nord Piano 3,Nord Nord Piano 3,0,0,,,0
Nord,Nord Piano 4,Nord Nord Piano 4,0,0,,,0
Nord,Nord Piano 5,Nord Nord Piano 5,0,0,,,0
Nord,Nord Rack 2,Nord Nord Rack 2,2,2,2026-03-16,2026-03-22,1
Nord,Nord Rack 2X,Nord Nord Rack 2X,0,0,,,0
Nord,Nord Rack 3,Nord Nord Rack 3,0,0,,,0
Nord,Nord Stage,Nord Nord Stage,6,6,2026-03-07,2026-03-23,1
Nord,Nord Stage 2,Nord Nord Stage 2,5,5,2023-03-01,2026-03-08,1
Nord,Nord Stage 3,Nord Nord Stage 3,7,7,2023-08-07,2026-03-16,1
Nord,Nord Stage 4,Nord Nord Stage 4,3,3,2026-03-08,2026-04-02,1
Nord,Nord Wave,Nord Nord Wave,6,6,2023-06-04,2026-05-13,1
Nord,Nord Wave 2,Nord Nord Wave 2,5,5,2026-03-08,2026-04-19,1
Nord,NordLead 1 original,Nord NordLead 1 original,1,1,2026-03-08,2026-03-08,0
Nord,Pcmcia Nord Rack 2,Nord Pcmcia Nord Rack 2,1,1,2026-04-16,2026-04-16,0
Nord,Stage 4 88 κλειδιά,Nord Stage 4 88 κλειδιά,1,1,2026-04-18,2026-04-18,0
Nord,Stage 4 compact,Nord Stage 4 compact,1,1,2026-05-13,2026-05-13,0
Nord,Stage3,Nord Stage3,1,1,2026-03-27,2026-03-27,0
Nord,Wave 1,Nord Wave 1,0,0,,,0
Nord,ZHTHΣΗ NORD LEAD 1,Nord ZHTHΣΗ NORD LEAD 1,1,1,2026-05-07,2026-05-07,0
Nord,a1,Nord a1,1,1,2022-12-31,2022-12-31,0
Nord,case thon,Nord case thon,1,1,2023-08-07,2023-08-07,0
Nord,clavia case thomann,Nord clavia case thomann,1,1,2022-12-31,2022-12-31,0
Nord,"clavia rack 2, envío","Nord clavia rack 2, envío",1,1,2022-12-31,2022-12-31,0
Nord,g2 modular,Nord g2 modular,1,1,2026-04-02,2026-04-02,0
Nord,lead 3,Nord lead 3,0,0,,,0
Nord,stage 2 ex hp76,Nord stage 2 ex hp76,0,0,,,0
Nord,wave 2,Nord wave 2,0,0,,,0
Nord,Αρμόνιο Electro 6D 61,Nord Αρμόνιο Electro 6D 61,1,1,2026-03-16,2026-03-16,0
Nord,Θήκη nord,Nord Θήκη nord,1,1,2026-03-08,2026-03-08,0
Nord,Πληκτρολόγιο Nord Stage 4 88,Nord Πληκτρολόγιο Nord Stage 4 88,1,1,2026-04-11,2026-04-11,0
Novation,49 SL MKII,Novation 49 SL MKII,1,1,2026-03-08,2026-03-08,0
Novation,61SL MkIII,Novation 61SL MkIII,1,1,2026-03-08,2026-03-08,0
Novation,AFX Station,Novation AFX Station,3,3,2026-03-08,2026-03-08,1
Novation,Bass Station,Novation Bass Station,3,3,2023-03-01,2026-03-16,1
Novation,Bass Station II,Novation Bass Station II,2,2,2026-03-08,2026-03-08,1
Novation,Bass Station II Swifty Edition,Novation Bass Station II Swifty Edition,0,0,,,0
Novation,Basstation Rack,Novation Basstation Rack,1,1,2026-03-08,2026-03-08,0
Novation,Circuit,Novation Circuit,8,8,2022-12-31,2026-03-16,1
Novation,Circuit Rhythm,Novation Circuit Rhythm,1,1,2026-05-07,2026-05-07,0
Novation,Circuit Tracks,Novation Circuit Tracks,2,2,2026-03-08,2026-05-07,1
Novation,Circuit track Novation,Novation Circuit track Novation,1,1,2026-05-09,2026-05-09,0
Novation,Compro: Sequential Circuits Studio 440,Novation Compro: Sequential Circuits Studio 440,1,0,2026-03-30,2026-03-30,0
Novation,FL KEY 49,Novation FL KEY 49,1,1,2026-03-08,2026-03-08,0
Novation,Impulse 25,Novation Impulse 25,2,2,2026-03-08,2026-03-08,1
Novation,Impulse 49,Novation Impulse 49,3,3,2026-03-08,2026-03-08,1
Novation,Impulse 61,Novation Impulse 61,2,2,2026-03-08,2026-03-16,1
Novation,K-Station,Novation K-Station,1,1,2026-03-08,2026-03-08,0
Novation,KS RACK,Novation KS RACK,1,1,2026-03-16,2026-03-16,0
Novation,KS-4,Novation KS-4,0,0,,,0
Novation,KS-5,Novation KS-5,0,0,,,0
Novation,LAUNCH PAD X,Novation LAUNCH PAD X,1,1,2026-03-23,2026-03-23,0
Novation,Launch Control,Novation Launch Control,2,2,2026-04-02,2026-04-15,1
Novation,Launch Control XL,Novation Launch Control XL,2,2,2026-04-29,2026-05-04,1
Novation,Launch Control XL ( ),Novation Launch Control XL ( ),0,0,,,0
Novation,Launchkey,Novation Launchkey,11,11,2023-08-07,2026-03-16,1
Novation,Launchpad,Novation Launchpad,1,1,2026-03-08,2026-03-08,0
Novation,Launchpad Mini,Novation Launchpad Mini,2,2,2026-03-08,2026-03-08,1
Novation,Launchpad Pro,Novation Launchpad Pro,3,3,2026-03-08,2026-04-22,1
Novation,Launchpad X,Novation Launchpad X,2,2,2026-03-08,2026-03-08,1
Novation,Launchpad pro,Novation Launchpad pro,0,0,,,0
Novation,MiniNova,Novation MiniNova,6,5,2026-03-08,2026-03-16,1
Novation,Nocturn,Novation Nocturn,2,1,2026-03-08,2026-03-08,0
Novation,Nova,Novation Nova,1,1,2026-03-08,2026-03-08,0
Novation,Nova bass station,Novation Nova bass station,1,1,2026-04-20,2026-04-20,0
Novation,Novatión KS Rack,Novation Novatión KS Rack,1,1,2026-03-08,2026-03-08,0
Novation,Peak,Novation Peak,8,8,2023-03-01,2026-03-16,1
Novation,Peak Decksaver,Novation Peak Decksaver,0,0,,,0
Novation,ReMote 49 USB MIDI,Novation ReMote 49 USB MIDI,1,1,2026-03-08,2026-03-08,0
Novation,SL MkIII – Controlador MIDI,Novation SL MkIII – Controlador MIDI,1,1,2026-03-22,2026-03-22,0
Novation,Sequential Circuits Pro-one,Novation Sequential Circuits Pro-one,1,1,2026-03-19,2026-03-19,0
Novation,Summit,Novation Summit,3,2,2026-03-16,2026-05-08,1
Novation,Summit αχρησιμοποίητο,Novation Summit αχρησιμοποίητο,1,1,2026-05-11,2026-05-11,0
Novation,Supernova,Novation Supernova,2,2,2026-03-08,2026-03-08,1
Novation,Supernova II,Novation Supernova II,1,1,2023-08-07,2023-08-07,0
Novation,UltraNova,Novation UltraNova,3,3,2026-03-22,2026-05-04,1
Novation,X - Station 61 keys,Novation X - Station 61 keys,1,1,2026-03-08,2026-03-08,0
Novation,X-Station,Novation X-Station,0,0,,,0
Novation,XioSynth 25,Novation XioSynth 25,1,1,2026-04-20,2026-04-20,0
Novation,XioSynth 49,Novation XioSynth 49,0,0,,,0
Novation,Xiosynth 25,Novation Xiosynth 25,0,0,,,0
Novation,Zero SL MKII,Novation Zero SL MKII,1,1,2026-04-15,2026-04-15,0
Novation,controlador Novation 49SL,Novation controlador Novation 49SL,1,1,2026-03-16,2026-03-16,0
Novation,drum synthetisizer 808 & 909,Novation drum synthetisizer 808 & 909,1,1,2026-05-13,2026-05-13,0
Novation,launch control,Novation launch control,0,0,,,0
Novation,maleta novation,Novation maleta novation,2,2,2023-06-07,2023-08-07,0
Novation,midi launch key mini,Novation midi launch key mini,1,1,2026-03-08,2026-03-08,0
Novation,novation drum station rack v1,Novation novation drum station rack v1,1,1,2023-08-07,2023-08-07,0
Novation,novation remote 25,Novation novation remote 25,5,5,2022-12-31,2023-08-07,0
Novation,novation sl 25,Novation novation sl 25,2,2,2023-06-04,2023-06-07,0
Novation,ultranova,Novation ultranova,0,0,,,0
Nymphes,Nymphes,Nymphes Nymphes,0,0,,,0
Oberheim,DMX,Oberheim DMX,0,0,,,0
Oberheim,DX VINTAGE,Oberheim DX VINTAGE,1,1,2026-03-08,2026-03-08,0
Oberheim,DX-1,Oberheim DX-1,0,0,,,0
Oberheim,Four Voice,Oberheim Four Voice,0,0,,,0
Oberheim,Marion Systems PROSYNTH Tom Oberheim,Oberheim Marion Systems PROSYNTH Tom Oberheim,1,1,2026-03-16,2026-03-16,0
Oberheim,Matrix 1000,Oberheim Matrix 1000,1,1,2026-03-08,2026-03-08,0
Oberheim,Matrix-1000,Oberheim Matrix-1000,1,1,2026-03-08,2026-03-08,0
Oberheim,Matrix-12,Oberheim Matrix-12,0,0,,,0
Oberheim,Matrix-6,Oberheim Matrix-6,1,1,2022-12-31,2022-12-31,0
Oberheim,Matrix-6R,Oberheim Matrix-6R,0,0,,,0
Oberheim,OB-1,Oberheim OB-1,0,0,,,0
Oberheim,OB-12,Oberheim OB-12,3,3,2023-06-04,2023-08-07,0
Oberheim,OB-8,Oberheim OB-8,0,0,,,0
Oberheim,OB-X,Oberheim OB-X,0,0,,,0
Oberheim,OB-X8,Oberheim OB-X8,0,0,,,0
Oberheim,OB-X8 Desktop,Oberheim OB-X8 Desktop,0,0,,,0
Oberheim,OB-Xa,Oberheim OB-Xa,1,1,2026-03-08,2026-03-08,0
Oberheim,OB12,Oberheim OB12,1,1,2026-05-13,2026-05-13,0
Oberheim,OBX8,Oberheim OBX8,1,1,2026-04-26,2026-04-26,0
Oberheim,SEM,Oberheim SEM,4,4,2026-03-08,2026-04-03,1
Oberheim,TEO-5,Oberheim TEO-5,0,0,,,0
Oberheim,TEO-5 Desktop Module,Oberheim TEO-5 Desktop Module,0,0,,,0
Oberheim,Two Voice,Oberheim Two Voice,0,0,,,0
Oberheim,Two Voices Pro Negro.,Oberheim Two Voices Pro Negro.,1,0,2026-04-26,2026-04-26,0
Oberheim,Xpander,Oberheim Xpander,0,0,,,0
Oberheim,decksaver ob-06,Oberheim decksaver ob-06,1,1,2022-12-31,2022-12-31,0
Oberheim,matrix 6,Oberheim matrix 6,1,1,2026-03-08,2026-03-08,0
Oberheim,ob12,Oberheim ob12,2,2,2026-03-08,2026-03-08,1
PPG,1002 Mk 2,PPG 1002 Mk 2,0,0,,,0
PPG,EVU,PPG EVU,0,0,,,0
PPG,HDM,PPG HDM,0,0,,,0
PPG,Wave 2,PPG Wave 2,0,0,,,0
PPG,Wave 2.2,PPG Wave 2.2,0,0,,,0
PPG,Wave 2.3,PPG Wave 2.3,1,0,2026-03-08,2026-03-08,0
PPG,Waveterm,PPG Waveterm,0,0,,,0
PWM,Malevolent,PWM Malevolent,0,0,,,0
PWM,Mantis,PWM Mantis,0,0,,,0
Pittsburgh Modular,Doepfer A-140-2 / Doepfer A-135-2,Pittsburgh Modular Doepfer A-140-2 / Doepfer A-135-2,1,1,2026-03-08,2026-03-08,0
Pittsburgh Modular,Lifeforms System 201,Pittsburgh Modular Lifeforms System 201,0,0,,,0
Pittsburgh Modular,Micro Sequence,Pittsburgh Modular Micro Sequence,0,0,,,0
Pittsburgh Modular,Primary Oscillator,Pittsburgh Modular Primary Oscillator,0,0,,,0
Pittsburgh Modular,Taiga,Pittsburgh Modular Taiga,0,0,,,0
Pittsburgh Modular,Taiga Keyboard,Pittsburgh Modular Taiga Keyboard,0,0,,,0
Pittsburgh Modular,Voltage Lab 2,Pittsburgh Modular Voltage Lab 2,1,0,2026-03-16,2026-03-16,0
Playtime Engineering,Blipblox After Dark,Playtime Engineering Blipblox After Dark,0,0,,,0
Playtime Engineering,Blipblox SK2,Playtime Engineering Blipblox SK2,0,0,,,0
Playtime Engineering,Blipblox myTRACKS,Playtime Engineering Blipblox myTRACKS,0,0,,,0
Polyend,Medusa,Polyend Medusa,0,0,,,0
Polyend,PLAY,Polyend PLAY,1,1,2026-04-08,2026-04-08,0
Polyend,Play,Polyend Play,3,3,2026-03-07,2026-03-08,1
Polyend,Play+,Polyend Play+,0,0,,,0
Polyend,Poly 2,Polyend Poly 2,0,0,,,0
Polyend,Seq,Polyend Seq,0,0,,,0
Polyend,Step,Polyend Step,0,0,,,0
Polyend,Synth,Polyend Synth,1,0,2026-03-07,2026-03-07,0
Polyend,Tracker,Polyend Tracker,5,5,2023-06-04,2026-03-22,1
Polyend,Tracker Mini,Polyend Tracker Mini,1,1,2026-03-08,2026-03-08,0
Polyend,Tracker+,Polyend Tracker+,0,0,,,0
Qu-Bit,Bloom,Qu-Bit Bloom,0,0,,,0
Qu-Bit,Chord v2,Qu-Bit Chord v2,1,1,2026-03-16,2026-03-16,0
Qu-Bit,Electronix Synapse,Qu-Bit Electronix Synapse,1,1,2026-03-08,2026-03-08,0
Qu-Bit,Nano Rand v2,Qu-Bit Nano Rand v2,0,0,,,0
Qu-Bit,Prism,Qu-Bit Prism,0,0,,,0
Roland,128mb ram memory Roland Fantom,Roland 128mb ram memory Roland Fantom,1,1,2026-03-08,2026-03-08,0
Roland,2 Roland sh 2000,Roland 2 Roland sh 2000,1,1,2026-03-08,2026-03-08,0
Roland,A-300 PRO,Roland A-300 PRO,1,1,2026-03-08,2026-03-08,0
Roland,A88,Roland A88,1,1,2026-05-03,2026-05-03,0
Roland,A88 mkii,Roland A88 mkii,1,1,2026-03-22,2026-03-22,0
Roland,A90EX,Roland A90EX,2,2,2026-03-08,2026-03-08,1
Roland,AE-10 Aerophone Wind Instrument USB,Roland AE-10 Aerophone Wind Instrument USB,1,1,2026-03-08,2026-03-08,0
Roland,AIRA Compact J-6 Chord Synth,Roland AIRA Compact J-6 Chord Synth,0,0,,,0
Roland,AIRA Compact P-6 Sampler,Roland AIRA Compact P-6 Sampler,0,0,,,0
Roland,AIRA Compact S-1 Tweak Synth,Roland AIRA Compact S-1 Tweak Synth,0,0,,,0
Roland,AIRA Compact T-8 Beat Machine,Roland AIRA Compact T-8 Beat Machine,0,0,,,0
Roland,AIRA P-6 – / A,Roland AIRA P-6 – / A,1,1,2026-04-05,2026-04-05,0
Roland,ARX-01,Roland ARX-01,1,1,2026-03-08,2026-03-08,0
Roland,ARX-02,Roland ARX-02,1,1,2026-03-08,2026-03-08,0
Roland,AX-Edge,Roland AX-Edge,0,0,,,0
Roland,AX-Edge Black,Roland AX-Edge Black,0,0,,,0
Roland,AX-Edge White,Roland AX-Edge White,0,0,,,0
Roland,Aira Bitrazer,Roland Aira Bitrazer,1,1,2026-03-08,2026-03-08,0
Roland,Aira Compact E-4,Roland Aira Compact E-4,1,1,2026-03-08,2026-03-08,0
Roland,Alpha Juno 1,Roland Alpha Juno 1,2,2,2026-03-08,2026-03-16,1
Roland,Alpha Juno 2 επαφές πλήκτρων,Roland Alpha Juno 2 επαφές πλήκτρων,1,1,2026-03-23,2026-03-23,0
Roland,Ax Synth Ολοκαίνουριο,Roland Ax Synth Ολοκαίνουριο,1,1,2026-03-08,2026-03-08,0
Roland,BK7m,Roland BK7m,2,2,2026-03-16,2026-04-18,1
Roland,Behringer RD-8,Roland Behringer RD-8,1,1,2026-03-08,2026-03-08,0
Roland,Bitrazer,Roland Bitrazer,1,1,2026-03-16,2026-03-16,0
Roland,Boitique A-01,Roland Boitique A-01,1,1,2026-03-16,2026-03-16,0
Roland,Boutique,Roland Boutique,1,1,2026-03-08,2026-03-08,0
Roland,CA-30 Intelligent Arranger,Roland CA-30 Intelligent Arranger,1,1,2026-03-08,2026-03-08,0
Roland,CR-78,Roland CR-78,1,1,2026-04-22,2026-04-22,0
Roland,Caja,Roland Caja,0,0,,,0
Roland,Cakewalk a300 Pro,Roland Cakewalk a300 Pro,1,1,2026-03-16,2026-03-16,0
Roland,Cambio/Roland P-6 -,Roland Cambio/Roland P-6 -,1,1,2026-04-16,2026-04-16,0
Roland,Compro Roland tr 8s,Roland Compro Roland tr 8s,1,0,2026-03-16,2026-03-16,0
Roland,D-05,Roland D-05,1,1,2026-03-08,2026-03-08,0
Roland,D-10,Roland D-10,0,0,,,0
Roland,D-110,Roland D-110,1,1,2026-03-27,2026-03-27,0
Roland,D-20,Roland D-20,1,1,2026-03-08,2026-03-08,0
Roland,D-50,Roland D-50,7,7,2026-03-08,2026-03-23,1
Roland,D-550,Roland D-550,0,0,,,0
Roland,D-70,Roland D-70,3,3,2026-03-08,2026-04-18,1
Roland,D2,Roland D2,1,1,2026-03-08,2026-03-08,0
Roland,D5,Roland D5,1,1,2026-03-08,2026-03-08,0
Roland,D50,Roland D50,1,1,2026-04-12,2026-04-12,0
Roland,D50 RACK,Roland D50 RACK,1,1,2026-03-08,2026-03-08,0
Roland,DP-10 Sustain / Damper Pedal,Roland DP-10 Sustain / Damper Pedal,1,1,2026-03-08,2026-03-08,0
Roland,DR-55.,Roland DR-55.,1,1,2026-03-08,2026-03-08,0
Roland,Despiece Roland Juno Di,Roland Despiece Roland Juno Di,1,1,2026-03-16,2026-03-16,0
Roland,Dinsync RE-909 - Réplica 1:1,Roland Dinsync RE-909 - Réplica 1:1,1,1,2026-05-02,2026-05-02,0
Roland,E-09 Αρμόνιο 61 Πλήκτρων,Roland E-09 Αρμόνιο 61 Πλήκτρων,1,1,2026-03-08,2026-03-08,0
Roland,E-66,Roland E-66,1,1,2026-03-08,2026-03-08,0
Roland,E-70,Roland E-70,1,1,2026-03-08,2026-03-08,0
Roland,E-80,Roland E-80,1,1,2026-03-08,2026-03-08,0
Roland,E-X10,Roland E-X10,1,1,2026-04-03,2026-04-03,0
Roland,EF 303 Groove Effect,Roland EF 303 Groove Effect,1,1,2026-03-08,2026-03-08,0
Roland,EM-101 Sound Plus,Roland EM-101 Sound Plus,1,1,2026-03-07,2026-03-07,0
Roland,EM-55or (Arranger),Roland EM-55or (Arranger),1,1,2026-03-08,2026-03-08,0
Roland,EP-77,Roland EP-77,1,1,2026-03-08,2026-03-08,0
Roland,Electric Grand & Clavi rom,Roland Electric Grand & Clavi rom,1,1,2026-03-08,2026-03-08,0
Roland,"Estudio : sintes,racks,mesa -(Moog, DSI,","Roland Estudio : sintes,racks,mesa -(Moog, DSI,",1,0,2026-03-16,2026-03-16,0
Roland,F-110 - Άριστη Κατάσταση,Roland F-110 - Άριστη Κατάσταση,1,1,2026-04-08,2026-04-08,0
Roland,FA-06,Roland FA-06,2,2,2023-03-01,2026-03-08,0
Roland,FA-07,Roland FA-07,0,0,,,0
Roland,FA-08,Roland FA-08,0,0,,,0
Roland,FANTOM 06,Roland FANTOM 06,4,4,2026-03-08,2026-03-19,1
Roland,FANTOM 06 WORKSTATION,Roland FANTOM 06 WORKSTATION,1,1,2026-03-16,2026-03-16,0
Roland,FANTOM 06 workstation,Roland FANTOM 06 workstation,0,0,,,0
Roland,FANTOM-8 FANTOM 8 88,Roland FANTOM-8 FANTOM 8 88,1,1,2026-03-08,2026-03-08,0
Roland,FP-30X,Roland FP-30X,1,1,2026-03-08,2026-03-08,0
Roland,FP30,Roland FP30,1,1,2026-03-08,2026-03-08,0
Roland,Fader Knobs,Roland Fader Knobs,1,1,2026-03-16,2026-03-16,0
Roland,Fantom 06,Roland Fantom 06,0,0,,,0
Roland,Fantom 07 76 keys,Roland Fantom 07 76 keys,1,1,2026-03-08,2026-03-08,0
Roland,Fantom 08,Roland Fantom 08,1,1,2026-03-16,2026-03-16,0
Roland,Fantom 6,Roland Fantom 6,1,1,2026-03-08,2026-03-08,0
Roland,Fantom 8,Roland Fantom 8,1,1,2026-04-02,2026-04-02,0
Roland,Fantom G6,Roland Fantom G6,4,4,2023-06-04,2026-03-08,0
Roland,Fantom G7,Roland Fantom G7,2,2,2026-03-08,2026-03-08,1
Roland,Fantom G8,Roland Fantom G8,1,1,2026-03-08,2026-03-08,0
Roland,Fantom S,Roland Fantom S,0,0,,,0
Roland,Fantom X6,Roland Fantom X6,3,3,2026-03-08,2026-03-16,1
Roland,Fantom X7,Roland Fantom X7,1,1,2026-04-29,2026-04-29,0
Roland,Fantom X8,Roland Fantom X8,6,6,2022-12-31,2026-03-08,1
Roland,Fantom-06,Roland Fantom-06,2,2,2026-03-08,2026-03-16,1
Roland,Fantom-07,Roland Fantom-07,0,0,,,0
Roland,Fantom-08,Roland Fantom-08,3,3,2026-03-08,2026-03-08,1
Roland,Fantom-6 EX,Roland Fantom-6 EX,0,0,,,0
Roland,Fantom-7 EX,Roland Fantom-7 EX,0,0,,,0
Roland,Fantom-8 EX,Roland Fantom-8 EX,0,0,,,0
Roland,G-800,Roland G-800,1,1,2026-03-08,2026-03-08,0
Roland,GAIA 2,Roland GAIA 2,2,2,2026-03-08,2026-03-08,1
Roland,GAIA sh01,Roland GAIA sh01,1,1,2026-03-08,2026-03-08,0
Roland,GI 20,Roland GI 20,1,1,2026-04-08,2026-04-08,0
Roland,GO:KEYS 5 GT Graphite Grey,Roland GO:KEYS 5 GT Graphite Grey,1,1,2026-04-10,2026-04-10,0
Roland,GR30 sinte,Roland GR30 sinte,1,1,2026-03-19,2026-03-19,0
Roland,Gaia,Roland Gaia,1,1,2026-03-08,2026-03-08,0
Roland,Gaia SH-01,Roland Gaia SH-01,1,1,2026-03-08,2026-03-08,0
Roland,INTEGRA 7,Roland INTEGRA 7,2,2,2026-03-31,2026-04-30,1
Roland,Integra 7,Roland Integra 7,0,0,,,0
Roland,Integra-7,Roland Integra-7,2,2,2026-04-04,2026-05-11,1
Roland,JD XA,Roland JD XA,0,0,,,0
Roland,JD Xi,Roland JD Xi,0,0,,,0
Roland,JD-08,Roland JD-08,4,4,2023-03-01,2023-08-07,0
Roland,JD-800,Roland JD-800,2,2,2022-12-31,2026-03-16,0
Roland,JD-990,Roland JD-990,1,1,2026-03-19,2026-03-19,0
Roland,JD-XA,Roland JD-XA,2,2,2026-03-08,2026-03-08,1
Roland,JD-XA (B-Stock),Roland JD-XA (B-Stock),0,0,,,0
Roland,JD-Xi,Roland JD-Xi,1,1,2026-03-08,2026-03-08,0
Roland,JP 8080,Roland JP 8080,1,1,2026-04-22,2026-04-22,0
Roland,JP-08,Roland JP-08,1,1,2023-08-07,2023-08-07,0
Roland,JP-8000,Roland JP-8000,3,3,2026-03-16,2026-05-08,1
Roland,JP-8000 Virtual Analogue classic,Roland JP-8000 Virtual Analogue classic,0,0,,,0
Roland,JP-8080,Roland JP-8080,0,0,,,0
Roland,JS-30,Roland JS-30,1,1,2026-03-08,2026-03-08,0
Roland,JU-06,Roland JU-06,2,2,2026-03-08,2026-03-16,1
Roland,JU-06A,Roland JU-06A,8,8,2023-06-04,2026-04-29,1
Roland,JUNO GI,Roland JUNO GI,2,2,2026-03-08,2026-03-16,1
Roland,JV 1080 - Korg TR,Roland JV 1080 - Korg TR,1,1,2026-03-08,2026-03-08,0
Roland,JV-1010,Roland JV-1010,3,3,2026-03-08,2026-03-27,1
Roland,JV-1080,Roland JV-1080,3,3,2026-03-08,2026-04-04,1
Roland,JV-2080,Roland JV-2080,3,3,2026-03-08,2026-03-16,1
Roland,JV-80,Roland JV-80,0,0,,,0
Roland,JV-880,Roland JV-880,2,2,2022-12-31,2026-04-09,0
Roland,JV-90,Roland JV-90,1,1,2026-03-08,2026-03-08,0
Roland,JV1010,Roland JV1010,1,1,2026-04-08,2026-04-08,0
Roland,JX 10 Analogue Polysynth,Roland JX 10 Analogue Polysynth,2,2,2026-03-08,2026-03-23,0
Roland,JX 10 Analogue polysynth,Roland JX 10 Analogue polysynth,0,0,,,0
Roland,JX-03,Roland JX-03,0,0,,,0
Roland,JX-08,Roland JX-08,1,1,2023-08-07,2023-08-07,0
Roland,JX-10,Roland JX-10,0,0,,,0
Roland,JX-3P,Roland JX-3P,2,2,2026-03-08,2026-03-16,1
Roland,JX-8P,Roland JX-8P,0,0,,,0
Roland,JX3P,Roland JX3P,1,1,2026-04-05,2026-04-05,0
Roland,Juno 106,Roland Juno 106,1,1,2026-04-20,2026-04-20,0
Roland,Juno D6 υπεράριστο εγγύηση,Roland Juno D6 υπεράριστο εγγύηση,1,1,2026-03-08,2026-03-08,0
Roland,Juno G 61,Roland Juno G 61,1,1,2026-03-08,2026-03-08,0
Roland,Juno ds,Roland Juno ds,1,1,2026-03-08,2026-03-08,0
Roland,Juno ds61 Limited Edition black,Roland Juno ds61 Limited Edition black,1,1,2026-03-08,2026-03-08,0
Roland,Juno-106,Roland Juno-106,1,1,2026-03-08,2026-03-08,0
Roland,Juno-2,Roland Juno-2,0,0,,,0
Roland,Juno-6,Roland Juno-6,0,0,,,0
Roland,Juno-60,Roland Juno-60,1,1,2026-03-08,2026-03-08,0
Roland,Juno-D6,Roland Juno-D6,1,1,2026-04-08,2026-04-08,0
Roland,Juno-D7,Roland Juno-D7,0,0,,,0
Roland,Juno-D8,Roland Juno-D8,0,0,,,0
Roland,Juno-DS61 – Άριστη Κατάσταση,Roland Juno-DS61 – Άριστη Κατάσταση,1,1,2026-03-31,2026-03-31,0
Roland,Juno-Stage,Roland Juno-Stage,1,1,2026-03-08,2026-03-08,0
Roland,Juno-X,Roland Juno-X,0,0,,,0
Roland,Jupiter 4 49-Key 1978 -,Roland Jupiter 4 49-Key 1978 -,0,0,,,0
Roland,Jupiter 4 Compuphonic 1978,Roland Jupiter 4 Compuphonic 1978,1,1,2026-03-08,2026-03-08,0
Roland,Jupiter 6,Roland Jupiter 6,2,2,2026-03-08,2026-04-16,1
Roland,Jupiter-4,Roland Jupiter-4,0,0,,,0
Roland,Jupiter-6,Roland Jupiter-6,1,1,2026-03-08,2026-03-08,0
Roland,Jupiter-8,Roland Jupiter-8,0,0,,,0
Roland,Jupiter-X,Roland Jupiter-X,1,1,2026-03-23,2026-03-23,0
Roland,Jupiter-Xm,Roland Jupiter-Xm,5,5,2023-03-01,2026-03-08,0
Roland,Jv 2080,Roland Jv 2080,1,0,2026-03-08,2026-03-08,0
Roland,KC-300,Roland KC-300,2,2,2026-03-08,2026-03-16,0
Roland,KC-300 4-Ch Mixing Amplifier,Roland KC-300 4-Ch Mixing Amplifier,0,0,,,0
Roland,KSC-68,Roland KSC-68,1,1,2026-03-08,2026-03-08,0
Roland,Keytar Roland Ax-7,Roland Keytar Roland Ax-7,1,1,2026-03-08,2026-03-08,0
Roland,M-128D Memory Card,Roland M-128D Memory Card,1,1,2026-05-03,2026-05-03,0
Roland,M-512E,Roland M-512E,1,1,2026-03-08,2026-03-08,0
Roland,MC 101,Roland MC 101,1,1,2026-03-08,2026-03-08,0
Roland,MC 303,Roland MC 303,3,3,2026-03-08,2026-03-23,1
Roland,MC 808 Sampling,Roland MC 808 Sampling,1,1,2026-03-08,2026-03-08,0
Roland,MC 909,Roland MC 909,3,3,2026-03-08,2026-03-19,1
Roland,MC-101,Roland MC-101,1,1,2026-03-08,2026-03-08,0
Roland,MC-202,Roland MC-202,0,0,,,0
Roland,MC-303,Roland MC-303,0,0,,,0
Roland,MC-505,Roland MC-505,0,0,,,0
Roland,MC-707,Roland MC-707,1,1,2026-05-03,2026-05-03,0
Roland,MC-80 with VE-GSPro Voice Expansion,Roland MC-80 with VE-GSPro Voice Expansion,1,1,2026-03-08,2026-03-08,0
Roland,MC-808 Japan,Roland MC-808 Japan,1,1,2026-03-08,2026-03-08,0
Roland,MC-909,Roland MC-909,0,0,,,0
Roland,MC707,Roland MC707,2,2,2026-04-13,2026-04-23,1
Roland,MIDI,Roland MIDI,1,1,2026-03-08,2026-03-08,0
Roland,MKS-70,Roland MKS-70,1,1,2026-03-08,2026-03-08,0
Roland,MKS-80,Roland MKS-80,0,0,,,0
Roland,MPG 80 MIDI PROGRAMMER (MKS,Roland MPG 80 MIDI PROGRAMMER (MKS,1,1,2026-04-23,2026-04-23,0
Roland,MPU 104,Roland MPU 104,1,1,2026-03-16,2026-03-16,0
Roland,MRS-2 ProMars,Roland MRS-2 ProMars,1,1,2026-04-08,2026-04-08,0
Roland,MV-8800 Production Studio DAW,Roland MV-8800 Production Studio DAW,1,1,2026-03-08,2026-03-08,0
Roland,Mc 303,Roland Mc 303,0,0,,,0
Roland,Mkb 1000,Roland Mkb 1000,1,1,2026-03-08,2026-03-08,0
Roland,More than 100 sounds,Roland More than 100 sounds,1,1,2026-05-10,2026-05-10,0
Roland,Octapad SPD-11,Roland Octapad SPD-11,1,1,2026-03-07,2026-03-07,0
Roland,PCM Roland κάρτες επέκτασης ήχου,Roland PCM Roland κάρτες επέκτασης ήχου,1,1,2026-03-08,2026-03-08,0
Roland,PK 5 Dynamic Foot Pedal,Roland PK 5 Dynamic Foot Pedal,1,1,2026-03-08,2026-03-08,0
Roland,PN-D70-01,Roland PN-D70-01,1,1,2026-03-08,2026-03-08,0
Roland,PROMARS,Roland PROMARS,0,0,,,0
Roland,Prelude ★,Roland Prelude ★,1,1,2026-03-08,2026-03-08,0
Roland,R 8,Roland R 8,1,1,2026-03-08,2026-03-08,0
Roland,R-8 Human Rhythm Composer,Roland R-8 Human Rhythm Composer,2,2,2026-03-16,2026-03-16,1
Roland,R-8 Human Rhythm Composer 1980s,Roland R-8 Human Rhythm Composer 1980s,1,1,2026-03-08,2026-03-08,0
Roland,R-8 ΝΕΑ ΤΙΜΗ,Roland R-8 ΝΕΑ ΤΙΜΗ,1,1,2026-03-08,2026-03-08,0
Roland,R-8M Total Percussion Sound,Roland R-8M Total Percussion Sound,1,1,2026-03-16,2026-03-16,0
Roland,R70,Roland R70,1,1,2026-03-08,2026-03-08,0
Roland,R8,Roland R8,2,2,2026-03-08,2026-03-28,1
Roland,R8 Human Rhythm Composer,Roland R8 Human Rhythm Composer,2,2,2026-03-08,2026-03-08,1
Roland,R8 Human rhythm composer,Roland R8 Human rhythm composer,0,0,,,0
Roland,R8 MKI,Roland R8 MKI,0,0,,,0
Roland,R8 MKII,Roland R8 MKII,2,2,2026-03-08,2026-04-30,1
Roland,R8 mkII,Roland R8 mkII,0,0,,,0
Roland,R8M,Roland R8M,0,0,,,0
Roland,RA95 Arranger/ Sound Expander,Roland RA95 Arranger/ Sound Expander,1,1,2026-03-08,2026-03-08,0
Roland,RD-08,Roland RD-08,1,1,2026-03-19,2026-03-19,0
Roland,RD-300SX Stage Piano,Roland RD-300SX Stage Piano,1,1,2026-03-23,2026-03-23,0
Roland,RD-700 SX Stage Piano,Roland RD-700 SX Stage Piano,1,1,2026-03-23,2026-03-23,0
Roland,RD700 SX,Roland RD700 SX,1,1,2026-04-12,2026-04-12,0
Roland,RD700nx,Roland RD700nx,1,1,2026-03-16,2026-03-16,0
Roland,RD800,Roland RD800,1,1,2026-03-27,2026-03-27,0
Roland,ROLAND E-20,Roland ROLAND E-20,1,1,2026-04-29,2026-04-29,0
Roland,RP-201 – Άριστη Κατάσταση,Roland RP-201 – Άριστη Κατάσταση,1,1,2026-03-23,2026-03-23,0
Roland,RP501R,Roland RP501R,1,1,2026-03-08,2026-03-08,0
Roland,RS-09,Roland RS-09,0,0,,,0
Roland,RS-505,Roland RS-505,4,4,2023-06-04,2026-03-08,0
Roland,Roland JD Xi,Roland Roland JD Xi,2,2,2026-03-16,2026-03-28,1
Roland,Roland NX 300 rd 88,Roland Roland NX 300 rd 88,1,1,2026-04-29,2026-04-29,0
Roland,Roland R8M,Roland Roland R8M,2,2,2026-03-16,2026-03-23,1
Roland,Roland- DisCover 5 - Realtime,Roland Roland- DisCover 5 - Realtime,1,1,2026-03-08,2026-03-08,0
Roland,Rom Music Style Cards,Roland Rom Music Style Cards,1,1,2026-03-08,2026-03-08,0
Roland,S-1,Roland S-1,1,1,2026-04-26,2026-04-26,0
Roland,S-10,Roland S-10,0,0,,,0
Roland,S-20,Roland S-20,1,1,2026-03-08,2026-03-08,0
Roland,S-330,Roland S-330,0,0,,,0
Roland,S-50,Roland S-50,1,1,2026-03-22,2026-03-22,0
Roland,S-550 (Vintage),Roland S-550 (Vintage),1,1,2026-03-08,2026-03-08,0
Roland,S-750,Roland S-750,1,1,2026-03-08,2026-03-08,0
Roland,S-770 (Vintage),Roland S-770 (Vintage),1,1,2026-03-08,2026-03-08,0
Roland,SA-09,Roland SA-09,0,0,,,0
Roland,SC 880,Roland SC 880,1,1,2026-03-08,2026-03-08,0
Roland,SC-33,Roland SC-33,0,0,,,0
Roland,SC-55,Roland SC-55,2,2,2026-03-08,2026-03-16,1
Roland,SC-88,Roland SC-88,1,1,2026-03-08,2026-03-08,0
Roland,SC-8820,Roland SC-8820,0,0,,,0
Roland,SE-02,Roland SE-02,1,1,2026-03-08,2026-03-08,0
Roland,SE-O2,Roland SE-O2,1,1,2026-03-08,2026-03-08,0
Roland,SH 2000,Roland SH 2000,2,2,2026-03-08,2026-03-27,1
Roland,SH-01A,Roland SH-01A,2,2,2026-03-08,2026-03-08,1
Roland,SH-01A grey,Roland SH-01A grey,0,0,,,0
Roland,SH-09,Roland SH-09,0,0,,,0
Roland,SH-1000,Roland SH-1000,1,1,2026-03-08,2026-03-08,0
Roland,SH-101,Roland SH-101,0,0,,,0
Roland,SH-2,Roland SH-2,2,2,2026-03-08,2026-03-16,1
Roland,SH-201,Roland SH-201,3,3,2026-03-08,2026-03-08,1
Roland,SH-3,Roland SH-3,3,2,2026-03-08,2026-03-16,1
Roland,SH-4D,Roland SH-4D,1,1,2026-04-09,2026-04-09,0
Roland,SH-4D sh4D,Roland SH-4D sh4D,1,1,2026-04-10,2026-04-10,0
Roland,SH-4d,Roland SH-4d,1,1,2026-03-08,2026-03-08,0
Roland,SH-5,Roland SH-5,0,0,,,0
Roland,SH-7,Roland SH-7,0,0,,,0
Roland,SP 555. ΕΥΚΑΙΡΙΑ!,Roland SP 555. ΕΥΚΑΙΡΙΑ!,1,1,2026-03-08,2026-03-08,0
Roland,SP-404A Linear Wave,Roland SP-404A Linear Wave,1,1,2026-04-19,2026-04-19,0
Roland,SP-404MKII,Roland SP-404MKII,1,1,2026-03-08,2026-03-08,0
Roland,SP404,Roland SP404,1,1,2026-03-08,2026-03-08,0
Roland,SR-JV80 Wifi Expansion Card,Roland SR-JV80 Wifi Expansion Card,1,1,2026-04-04,2026-04-04,0
Roland,SRX 07 Ultimate Keys,Roland SRX 07 Ultimate Keys,1,1,2026-03-08,2026-03-08,0
Roland,SRX Modules Pack - Drum,Roland SRX Modules Pack - Drum,1,1,2026-03-08,2026-03-08,0
Roland,SRX-02 SRX-11,Roland SRX-02 SRX-11,0,0,,,0
Roland,SRX-07 Ultimate Keys Card,Roland SRX-07 Ultimate Keys Card,1,1,2026-03-08,2026-03-08,0
Roland,SRX-07 Ultimate Keys Fantom/XV Expansion,Roland SRX-07 Ultimate Keys Fantom/XV Expansion,2,2,2026-03-19,2026-04-06,0
Roland,Selling 16 beat patterns for,Roland Selling 16 beat patterns for,0,0,,,0
Roland,Sonic Cell,Roland Sonic Cell,1,1,2026-03-08,2026-03-08,0
Roland,SonicCell - Expandable /Sound,Roland SonicCell - Expandable /Sound,1,1,2026-03-08,2026-03-08,0
Roland,Soniccell / USB Audio interface,Roland Soniccell / USB Audio interface,1,1,2026-03-08,2026-03-08,0
Roland,Sonidos Roland Jupiter X/Xm series,Roland Sonidos Roland Jupiter X/Xm series,1,1,2026-03-16,2026-03-16,0
Roland,Soundbanks,Roland Soundbanks,1,1,2026-03-08,2026-03-08,0
Roland,Stage Piano Roland RD300GX,Roland Stage Piano Roland RD300GX,1,1,2026-03-23,2026-03-23,0
Roland,Super JV-1080,Roland Super JV-1080,1,1,2026-04-19,2026-04-19,0
Roland,System-1,Roland System-1,0,0,,,0
Roland,System-100,Roland System-100,0,0,,,0
Roland,System-1m,Roland System-1m,1,1,2026-03-08,2026-03-08,0
Roland,System-700,Roland System-700,0,0,,,0
Roland,System-8,Roland System-8,0,0,,,0
Roland,TB-03,Roland TB-03,2,2,2026-03-08,2026-05-04,1
Roland,TB-3 Touch Bass Bassline,Roland TB-3 Touch Bass Bassline,1,1,2026-03-08,2026-03-08,0
Roland,TB-303,Roland TB-303,1,1,2023-08-07,2023-08-07,0
Roland,TN-SC1-03 & TN-SC1-09,Roland TN-SC1-03 & TN-SC1-09,1,1,2026-03-08,2026-03-08,0
Roland,TR 08 Boutique,Roland TR 08 Boutique,1,1,2026-03-08,2026-03-08,0
Roland,TR 606 Drumatix,Roland TR 606 Drumatix,1,1,2026-03-16,2026-03-16,0
Roland,TR 707 original,Roland TR 707 original,1,1,2026-03-16,2026-03-16,0
Roland,TR-06 - Como,Roland TR-06 - Como,1,1,2026-03-31,2026-03-31,0
Roland,TR-08,Roland TR-08,5,5,2026-03-08,2026-03-28,1
Roland,TR-09,Roland TR-09,1,1,2022-12-31,2022-12-31,0
Roland,TR-1000,Roland TR-1000,1,0,2026-03-16,2026-03-16,0
Roland,"TR-505, Made in Japan 1986","Roland TR-505, Made in Japan 1986",1,1,2026-03-16,2026-03-16,0
Roland,TR-606,Roland TR-606,1,1,2026-03-16,2026-03-16,0
Roland,TR-626 Operation Chart Original,Roland TR-626 Operation Chart Original,1,1,2026-03-28,2026-03-28,0
Roland,TR-626 Rhythm Composer,Roland TR-626 Rhythm Composer,1,1,2026-05-01,2026-05-01,0
Roland,TR-6S,Roland TR-6S,1,1,2026-03-08,2026-03-08,0
Roland,TR-6S Rhythm Performer,Roland TR-6S Rhythm Performer,0,0,,,0
Roland,TR-707,Roland TR-707,0,0,,,0
Roland,TR-727,Roland TR-727,0,0,,,0
Roland,TR-8 ( expansión 7x7),Roland TR-8 ( expansión 7x7),1,1,2026-03-16,2026-03-16,0
Roland,TR-808,Roland TR-808,1,1,2026-03-08,2026-03-08,0
Roland,TR-8S,Roland TR-8S,2,2,2026-03-08,2026-04-30,1
Roland,TR-8S impoluta,Roland TR-8S impoluta,1,1,2026-05-11,2026-05-11,0
Roland,TR-909,Roland TR-909,0,0,,,0
Roland,TR626 original,Roland TR626 original,1,1,2026-03-16,2026-03-16,0
Roland,TR6s AND ROLAND TR08 COMBO,Roland TR6s AND ROLAND TR08 COMBO,1,1,2026-03-08,2026-03-08,0
Roland,TR8 7x7 expansión,Roland TR8 7x7 expansión,1,1,2026-05-04,2026-05-04,0
Roland,TR8S,Roland TR8S,0,0,,,0
Roland,Teclas,Roland Teclas,1,1,2026-03-16,2026-03-16,0
Roland,Tr6s,Roland Tr6s,1,1,2026-05-03,2026-05-03,0
Roland,U-20,Roland U-20,1,1,2026-03-08,2026-03-08,0
Roland,U-220,Roland U-220,2,2,2026-03-07,2026-03-16,1
Roland,V-Combo VR-09,Roland V-Combo VR-09,1,1,2026-05-08,2026-05-08,0
Roland,V-Combo VR-09-B,Roland V-Combo VR-09-B,2,2,2026-04-02,2026-04-11,1
Roland,V-Combo VR09,Roland V-Combo VR09,1,1,2026-05-03,2026-05-03,0
Roland,V-Combo VR09 Synth,Roland V-Combo VR09 Synth,1,1,2026-03-08,2026-03-08,0
Roland,V-Synth,Roland V-Synth,2,2,2026-03-08,2026-03-08,1
Roland,V-Synth GT,Roland V-Synth GT,2,2,2026-03-08,2026-03-08,1
Roland,V-Synth XT,Roland V-Synth XT,1,1,2026-03-16,2026-03-16,0
Roland,VA-5,Roland VA-5,1,1,2026-03-08,2026-03-08,0
Roland,VENDO ROLAND FANTON 08 88,Roland VENDO ROLAND FANTON 08 88,1,1,2026-03-08,2026-03-08,0
Roland,VK 1000,Roland VK 1000,1,1,2026-03-08,2026-03-08,0
Roland,VK7 Hammond Clon,Roland VK7 Hammond Clon,1,1,2026-03-16,2026-03-16,0
Roland,VP-03,Roland VP-03,1,1,2026-03-08,2026-03-08,0
Roland,VP-330 Vocoder Plus,Roland VP-330 Vocoder Plus,1,1,2026-03-08,2026-03-08,0
Roland,VP-550,Roland VP-550,1,1,2026-03-08,2026-03-08,0
Roland,VR 09 V COMBO,Roland VR 09 V COMBO,1,1,2026-03-08,2026-03-08,0
Roland,VariOS,Roland VariOS,1,1,2026-03-08,2026-03-08,0
Roland,VariOS Open System,Roland VariOS Open System,1,1,2026-03-16,2026-03-16,0
Roland,Verselab mv1,Roland Verselab mv1,1,1,2026-03-30,2026-03-30,0
Roland,"Vocoder vintage, Roland vp550","Roland Vocoder vintage, Roland vp550",1,1,2026-04-09,2026-04-09,0
Roland,W-30,Roland W-30,0,0,,,0
Roland,XP-10,Roland XP-10,0,0,,,0
Roland,XP-30,Roland XP-30,1,1,2026-03-08,2026-03-08,0
Roland,XP-50,Roland XP-50,0,0,,,0
Roland,XP-60,Roland XP-60,2,2,2026-03-08,2026-04-17,1
Roland,XP-60. ΚΑΙΝΟΥΡΙΟ !,Roland XP-60. ΚΑΙΝΟΥΡΙΟ !,0,0,,,0
Roland,XP-80,Roland XP-80,2,2,2023-03-01,2026-03-08,0
Roland,XP50,Roland XP50,1,1,2026-05-13,2026-05-13,0
Roland,XV-88 128-voices,Roland XV-88 128-voices,1,1,2026-03-08,2026-03-08,0
Roland,XV-88 LCD,Roland XV-88 LCD,1,1,2026-03-08,2026-03-08,0
Roland,XV-88 Pitch Bender,Roland XV-88 Pitch Bender,1,1,2026-03-08,2026-03-08,0
Roland,XV5050,Roland XV5050,1,1,2026-03-08,2026-03-08,0
Roland,XV5050 acepto CAMBIOS,Roland XV5050 acepto CAMBIOS,1,1,2026-03-16,2026-03-16,0
Roland,XV88,Roland XV88,0,0,,,0
Roland,Xp80,Roland Xp80,1,1,2026-03-08,2026-03-08,0
Roland,a90ex,Roland a90ex,0,0,,,0
Roland,adge Ax,Roland adge Ax,1,1,2026-05-06,2026-05-06,0
Roland,adsr dual roland 540,Roland adsr dual roland 540,3,3,2023-06-04,2023-08-07,0
Roland,ax-synth,Roland ax-synth,1,1,2026-03-08,2026-03-08,0
Roland,batería roland r-8m,Roland batería roland r-8m,4,4,2022-12-31,2023-08-07,0
Roland,behringer wasp roland tb,Roland behringer wasp roland tb,1,1,2023-08-07,2023-08-07,0
Roland,bk7m,Roland bk7m,0,0,,,0
Roland,boutique 3d waves stand,Roland boutique 3d waves stand,1,1,2026-03-08,2026-03-08,0
Roland,boutique jx 03,Roland boutique jx 03,1,1,2026-04-02,2026-04-02,0
Roland,case roland !!,Roland case roland !!,3,3,2023-06-04,2023-08-07,0
Roland,"casio varios sintes, expanders, etc","Roland casio varios sintes, expanders, etc",1,1,2023-06-04,2023-06-04,0
Roland,controlador midi roland a88 ivory,Roland controlador midi roland a88 ivory,1,1,2022-12-31,2022-12-31,0
Roland,decksaver roland sp- 404 a,Roland decksaver roland sp- 404 a,1,1,2023-03-01,2023-03-01,0
Roland,decksaver roland sp-404a,Roland decksaver roland sp-404a,1,1,2022-12-31,2022-12-31,0
Roland,decksaver roland verselab mv1,Roland decksaver roland verselab mv1,1,1,2023-03-01,2023-03-01,0
Roland,decksaver roland vp 03,Roland decksaver roland vp 03,1,1,2022-12-31,2022-12-31,0
Roland,e60,Roland e60,1,1,2026-03-08,2026-03-08,0
Roland,ea7,Roland ea7,1,1,2026-03-08,2026-03-08,0
Roland,fantom 7,Roland fantom 7,0,0,,,0
Roland,fantom Xa,Roland fantom Xa,1,1,2026-03-08,2026-03-08,0
Roland,fantom x7,Roland fantom x7,0,0,,,0
Roland,fp,Roland fp,1,1,2026-03-16,2026-03-16,0
Roland,fp-10 καινουριο,Roland fp-10 καινουριο,1,1,2026-04-08,2026-04-08,0
Roland,fp60,Roland fp60,1,1,2026-03-08,2026-03-08,0
Roland,jd800,Roland jd800,2,2,2026-03-08,2026-03-19,1
Roland,jp08 boutique,Roland jp08 boutique,1,1,2026-03-08,2026-03-08,0
Roland,juno,Roland juno,4,4,2023-06-04,2026-03-16,0
Roland,juno gi,Roland juno gi,0,0,,,0
Roland,jv80,Roland jv80,1,1,2026-03-08,2026-03-08,0
Roland,lucina AX09,Roland lucina AX09,1,1,2026-03-08,2026-03-08,0
Roland,mc 4,Roland mc 4,1,1,2026-03-08,2026-03-08,0
Roland,mc 909,Roland mc 909,0,0,,,0
Roland,memory card M-512E RAM 64K,Roland memory card M-512E RAM 64K,1,1,2026-03-16,2026-03-16,0
Roland,novation teclas,Roland novation teclas,2,2,2022-12-31,2023-03-01,0
Roland,reon driftbox - edición limitada,Roland reon driftbox - edición limitada,1,1,2022-12-31,2022-12-31,0
Roland,reservado roland fantom 06,Roland reservado roland fantom 06,3,3,2023-06-04,2023-08-07,0
Roland,retrokit rk02 cable arpegiador,Roland retrokit rk02 cable arpegiador,1,1,2023-03-01,2023-03-01,0
Roland,roland 1976 analog synth genesis,Roland roland 1976 analog synth genesis,5,5,2022-12-31,2023-08-07,0
Roland,roland a 800 pro,Roland roland a 800 pro,2,2,2022-12-31,2023-03-01,0
Roland,roland boutique sh01a blue,Roland roland boutique sh01a blue,2,2,2022-12-31,2023-03-01,0
Roland,roland dk-01 boutique dock,Roland roland dk-01 boutique dock,3,3,2023-06-04,2023-08-07,0
Roland,roland e-50,Roland roland e-50,1,1,2023-08-07,2023-08-07,0
Roland,roland eg 101,Roland roland eg 101,1,1,2023-08-07,2023-08-07,0
Roland,roland eg-101,Roland roland eg-101,1,1,2023-03-01,2023-03-01,0
Roland,roland fa 06,Roland roland fa 06,4,4,2023-03-01,2023-08-07,0
Roland,roland fa06,Roland roland fa06,1,1,2023-08-07,2023-08-07,0
Roland,roland fantom 7,Roland roland fantom 7,4,4,2023-06-04,2026-03-16,0
Roland,roland go keys,Roland roland go keys,1,1,2023-08-07,2023-08-07,0
Roland,roland gw-7 mint condition,Roland roland gw-7 mint condition,3,3,2023-06-04,2023-08-07,0
Roland,roland jd xa,Roland roland jd xa,2,2,2022-12-31,2026-04-15,0
Roland,roland jp8080,Roland roland jp8080,1,1,2023-08-07,2023-08-07,0
Roland,roland juno 6,Roland roland juno 6,1,1,2023-03-01,2023-03-01,0
Roland,roland juno ds-61,Roland roland juno ds-61,3,3,2023-06-04,2023-08-07,0
Roland,roland jupiter 4,Roland roland jupiter 4,5,5,2022-12-31,2026-03-16,0
Roland,roland jv-35,Roland roland jv-35,1,1,2023-03-01,2023-03-01,0
Roland,roland mc 707,Roland roland mc 707,1,1,2023-03-01,2023-03-01,0
Roland,roland mc 808,Roland roland mc 808,1,1,2022-12-31,2022-12-31,0
Roland,roland mc-808 envío,Roland roland mc-808 envío,1,1,2023-03-01,2023-03-01,0
Roland,roland mc101,Roland roland mc101,3,3,2023-06-04,2023-08-07,0
Roland,roland mc505,Roland roland mc505,1,1,2023-08-07,2023-08-07,0
Roland,roland ms1,Roland roland ms1,1,1,2023-03-01,2023-03-01,0
Roland,roland mt-32 lista,Roland roland mt-32 lista,4,4,2022-12-31,2023-08-07,0
Roland,roland sc-33,Roland roland sc-33,5,5,2022-12-31,2026-04-06,0
Roland,roland sh 1000,Roland roland sh 1000,1,1,2022-12-31,2022-12-31,0
Roland,roland sk88 pro sound canvas,Roland roland sk88 pro sound canvas,1,1,2023-08-07,2023-08-07,0
Roland,roland sound canvas mando a,Roland roland sound canvas mando a,1,1,2022-12-31,2022-12-31,0
Roland,roland sp 404 mk ii,Roland roland sp 404 mk ii,1,1,2023-03-01,2023-03-01,0
Roland,roland sp 404a,Roland roland sp 404a,1,1,2023-08-07,2023-08-07,0
Roland,roland sp-404,Roland roland sp-404,1,1,2023-03-01,2023-03-01,0
Roland,roland spv-355,Roland roland spv-355,5,5,2022-12-31,2023-08-07,0
Roland,roland super jv 1080,Roland roland super jv 1080,4,4,2022-12-31,2023-08-07,0
Roland,roland tb3,Roland roland tb3,4,4,2023-03-01,2023-08-07,0
Roland,roland tr-505 modificada,Roland roland tr-505 modificada,1,1,2023-03-01,2023-03-01,0
Roland,roland tr8,Roland roland tr8,4,4,2023-06-04,2026-05-01,0
Roland,roland tr8s,Roland roland tr8s,3,3,2022-12-31,2026-05-14,1
Roland,roland u-110,Roland roland u-110,1,1,2023-08-07,2023-08-07,0
Roland,roland u220,Roland roland u220,3,3,2023-06-04,2023-08-07,0
Roland,roland vr730 impoluto-laterales,Roland roland vr730 impoluto-laterales,1,1,2023-08-07,2023-08-07,0
Roland,roland vt-4,Roland roland vt-4,4,4,2023-03-01,2023-08-07,0
Roland,roland xv 5080 actualizado,Roland roland xv 5080 actualizado,1,1,2022-12-31,2022-12-31,0
Roland,roland xv-5050,Roland roland xv-5050,2,2,2023-08-07,2023-08-07,0
Roland,roland xv88,Roland roland xv88,2,2,2023-08-07,2026-03-08,0
Roland,s 50,Roland s 50,1,1,2026-03-08,2026-03-08,0
Roland,se 02,Roland se 02,1,1,2026-03-08,2026-03-08,0
Roland,se jupiter x se vende,Roland se jupiter x se vende,1,1,2023-08-07,2023-08-07,0
Roland,sh 2000,Roland sh 2000,0,0,,,0
Roland,sonidos roland jupiter x xm,Roland sonidos roland jupiter x xm,3,3,2022-12-31,2023-08-07,0
Roland,srx-11,Roland srx-11,2,1,2026-03-08,2026-03-08,0
Roland,srx-12,Roland srx-12,1,1,2026-03-08,2026-03-08,0
Roland,system roland system 8,Roland system roland system 8,2,2,2022-12-31,2023-03-01,0
Roland,tarjetas roland sn-u110 02,Roland tarjetas roland sn-u110 02,1,1,2022-12-31,2022-12-31,0
Roland,tarjetas roland sr-jv80,Roland tarjetas roland sr-jv80,4,4,2023-03-01,2023-08-07,0
Roland,tarjetas roland srx,Roland tarjetas roland srx,2,2,2023-03-01,2023-08-07,0
Roland,tr8,Roland tr8,0,0,,,0
Roland,ultimate roland xv-3080,Roland ultimate roland xv-3080,4,4,2023-03-01,2023-08-07,0
Roland,xp 60,Roland xp 60,1,1,2026-03-07,2026-03-07,0
Roland,xp10,Roland xp10,1,1,2026-03-16,2026-03-16,0
Roland,"yamaha s70xs, roland a49","Roland yamaha s70xs, roland a49",1,1,2023-03-01,2023-03-01,0
Roland,¡ ! roland juno 106,Roland ¡ ! roland juno 106,0,0,,,0
Roland,ΔΙΣΚΑΛΟ ΑΡΜΟΝΙΟ ROLAND AT-15,Roland ΔΙΣΚΑΛΟ ΑΡΜΟΝΙΟ ROLAND AT-15,1,1,2026-03-23,2026-03-23,0
Roland,Κάρτες Roland SN-U110,Roland Κάρτες Roland SN-U110,1,1,2026-03-08,2026-03-08,0
Roland,Κάρτες Roland SRX,Roland Κάρτες Roland SRX,1,1,2026-03-08,2026-03-08,0
Roland,ΠΩΛΕΙΤΑΙ ROLAND 160A MIDI,Roland ΠΩΛΕΙΤΑΙ ROLAND 160A MIDI,1,1,2026-03-08,2026-03-08,0
Roland,ΠΩΛΕΙΤΑΙ ROLAND TR8,Roland ΠΩΛΕΙΤΑΙ ROLAND TR8,1,1,2026-03-23,2026-03-23,0
Roland,Πωλείται Roland Fa08,Roland Πωλείται Roland Fa08,1,1,2026-03-08,2026-03-08,0
Roland,Πωλείται Roland Juno G 61,Roland Πωλείται Roland Juno G 61,1,1,2026-03-08,2026-03-08,0
Roland,Πωλείται Roland XV-5080 rack,Roland Πωλείται Roland XV-5080 rack,1,1,2026-03-08,2026-03-08,0
Roland,Συλλεκτική τσάντα Roland TR 08,Roland Συλλεκτική τσάντα Roland TR 08,1,1,2026-03-08,2026-03-08,0
Roland,Τροφοδοτικό Roland,Roland Τροφοδοτικό Roland,1,1,2026-03-23,2026-03-23,0
Roland,Τροφοδοτικό Roland PSB-7U,Roland Τροφοδοτικό Roland PSB-7U,1,1,2026-03-08,2026-03-08,0
Roland,Τροφοδοτικό αρμονίου Roland,Roland Τροφοδοτικό αρμονίου Roland,1,1,2026-03-23,2026-03-23,0
Roland,θήκη,Roland θήκη,1,1,2026-03-08,2026-03-08,0
Roli,Bluetooth MIDI Controllers,Roli Bluetooth MIDI Controllers,1,1,2026-04-06,2026-04-06,0
Roli,LIGHTPAD BLOCK M,Roli LIGHTPAD BLOCK M,1,1,2026-03-16,2026-03-16,0
Roli,SEABOARD RISE 2,Roli SEABOARD RISE 2,2,2,2026-03-08,2026-03-08,1
Roli,Seaboard 2,Roli Seaboard 2,1,1,2026-04-26,2026-04-26,0
Roli,Seaboard Block,Roli Seaboard Block,0,0,,,0
Roli,Seaboard Grand Stage,Roli Seaboard Grand Stage,0,0,,,0
Roli,Seaboard Rise 25,Roli Seaboard Rise 25,1,1,2026-03-08,2026-03-08,0
Roli,Seaboard Rise 49,Roli Seaboard Rise 49,2,2,2026-03-08,2026-03-28,1
Roli,Songmaker Kit,Roli Songmaker Kit,0,0,,,0
Roli,seaboard Grand 61,Roli seaboard Grand 61,1,1,2026-03-08,2026-03-08,0
Roli,seaboard rise 2,Roli seaboard rise 2,0,0,,,0
Rossum,Assimil8or,Rossum Assimil8or,0,0,,,0
Rossum,Evolution,Rossum Evolution,0,0,,,0
Rossum,Trident,Rossum Trident,0,0,,,0
SOMA,Enner Night Frog,SOMA Enner Night Frog,0,0,,,0
SOMA,Enner Red,SOMA Enner Red,0,0,,,0
SOMA,Ether V2,SOMA Ether V2,0,0,,,0
SOMA,Flux,SOMA Flux,0,0,,,0
SOMA,Lyra-4 Black,SOMA Lyra-4 Black,0,0,,,0
SOMA,Lyra-4 White,SOMA Lyra-4 White,0,0,,,0
SOMA,Lyra-8 Black Beast,SOMA Lyra-8 Black Beast,0,0,,,0
SOMA,Lyra-8 Green,SOMA Lyra-8 Green,0,0,,,0
SOMA,Lyra-8 Orange,SOMA Lyra-8 Orange,0,0,,,0
SOMA,Lyra-8 Pink,SOMA Lyra-8 Pink,0,0,,,0
SOMA,Lyra-8 Rust Edition,SOMA Lyra-8 Rust Edition,0,0,,,0
SOMA,Lyra-8 White Angel,SOMA Lyra-8 White Angel,0,0,,,0
SOMA,Pulsar-23 Black,SOMA Pulsar-23 Black,0,0,,,0
SOMA,Pulsar-23 Blue (Screw),SOMA Pulsar-23 Blue (Screw),0,0,,,0
SOMA,Pulsar-23 Green (Screw),SOMA Pulsar-23 Green (Screw),0,0,,,0
SOMA,Pulsar-23 Orange,SOMA Pulsar-23 Orange,0,0,,,0
SOMA,Pulsar-23 Pink (Screw),SOMA Pulsar-23 Pink (Screw),0,0,,,0
SOMA,Pulsar-23 Rust (Screw),SOMA Pulsar-23 Rust (Screw),0,0,,,0
SOMA,Pulsar-23 Rust Edition,SOMA Pulsar-23 Rust Edition,0,0,,,0
SOMA,Pulsar-23 White,SOMA Pulsar-23 White,0,0,,,0
SOMA,Quantum Ocean,SOMA Quantum Ocean,0,0,,,0
SOMA,Rumble of Ancient Times,SOMA Rumble of Ancient Times,0,0,,,0
SOMA,Terra Organic Dark,SOMA Terra Organic Dark,0,0,,,0
SOMA,Terra Organic Light,SOMA Terra Organic Light,0,0,,,0
Sequential,DAVE SMITH TEMPEST,Sequential DAVE SMITH TEMPEST,1,1,2026-03-08,2026-03-08,0
Sequential,DSI Dave Smith Instruments,Sequential DSI Dave Smith Instruments,1,1,2026-04-04,2026-04-04,0
Sequential,DSI Tempest,Sequential DSI Tempest,2,2,2026-03-22,2026-05-11,1
Sequential,DSI Tempest Analog,Sequential DSI Tempest Analog,1,1,2026-05-13,2026-05-13,0
Sequential,Dave Smith Instruments DSI Tempest,Sequential Dave Smith Instruments DSI Tempest,1,1,2026-03-16,2026-03-16,0
Sequential,Dave Smith Instruments Prophet 12,Sequential Dave Smith Instruments Prophet 12,1,1,2026-05-07,2026-05-07,0
Sequential,Dave Smith Instruments Tempest –,Sequential Dave Smith Instruments Tempest –,1,1,2026-05-10,2026-05-10,0
Sequential,Dave Smith Poly Evolver Rack,Sequential Dave Smith Poly Evolver Rack,1,1,2026-05-13,2026-05-13,0
Sequential,Dave Smith Prophet 12,Sequential Dave Smith Prophet 12,1,1,2026-03-16,2026-03-16,0
Sequential,Dave Smith Tempest Πωλείται,Sequential Dave Smith Tempest Πωλείται,1,1,2026-03-08,2026-03-08,0
Sequential,Dave Smith Tetr4 4 voice,Sequential Dave Smith Tetr4 4 voice,1,1,2026-03-08,2026-03-08,0
Sequential,Dave Smith Tetr4 analog multitimbral,Sequential Dave Smith Tetr4 analog multitimbral,1,1,2026-03-08,2026-03-08,0
Sequential,Dave Smith Tetra,Sequential Dave Smith Tetra,1,1,2026-04-20,2026-04-20,0
Sequential,Evolver,Sequential Evolver,1,1,2026-03-08,2026-03-08,0
Sequential,Fourm,Sequential Fourm,1,1,2026-04-25,2026-04-25,0
Sequential,Fourm (Nuevo),Sequential Fourm (Nuevo),0,0,,,0
Sequential,Mopho,Sequential Mopho,4,4,2023-03-01,2026-03-08,1
Sequential,Mopho Dave Smith,Sequential Mopho Dave Smith,1,1,2026-04-22,2026-04-22,0
Sequential,Mopho Keyboard,Sequential Mopho Keyboard,2,1,2026-03-19,2026-03-19,0
Sequential,Mopho x4,Sequential Mopho x4,1,1,2026-03-07,2026-03-07,0
Sequential,Multi-Trak 6-Voice,Sequential Multi-Trak 6-Voice,1,1,2026-03-08,2026-03-08,0
Sequential,OB-6,Sequential OB-6,2,2,2026-03-19,2026-03-19,0
Sequential,OB-6 Module,Sequential OB-6 Module,1,1,2026-03-08,2026-03-08,0
Sequential,OB6,Sequential OB6,1,1,2026-04-27,2026-04-27,0
Sequential,PRO-ONE,Sequential PRO-ONE,1,1,2026-03-23,2026-03-23,0
Sequential,Poly Evolver,Sequential Poly Evolver,1,1,2026-03-08,2026-03-08,0
Sequential,Poly Evolver Rack,Sequential Poly Evolver Rack,0,0,,,0
Sequential,Pro 2,Sequential Pro 2,0,0,,,0
Sequential,Pro 3,Sequential Pro 3,3,3,2023-03-01,2026-04-20,1
Sequential,Pro 3 Special Edition,Sequential Pro 3 Special Edition,2,2,2026-03-16,2026-04-24,1
Sequential,Prophet -8,Sequential Prophet -8,0,0,,,0
Sequential,Prophet 10,Sequential Prophet 10,2,2,2026-03-08,2026-04-26,1
Sequential,Prophet 10 Module,Sequential Prophet 10 Module,0,0,,,0
Sequential,Prophet 5,Sequential Prophet 5,1,1,2026-03-07,2026-03-07,0
Sequential,Prophet 5 Headphone,Sequential Prophet 5 Headphone,0,0,,,0
Sequential,Prophet 5 Module,Sequential Prophet 5 Module,0,0,,,0
Sequential,Prophet 6,Sequential Prophet 6,5,5,2023-08-07,2026-04-12,1
Sequential,Prophet 6 Desktop,Sequential Prophet 6 Desktop,2,2,2022-12-31,2023-08-07,0
Sequential,Prophet REV2-16,Sequential Prophet REV2-16,0,0,,,0
Sequential,Prophet REV2-16 Desktop,Sequential Prophet REV2-16 Desktop,0,0,,,0
Sequential,Prophet REV2-8,Sequential Prophet REV2-8,0,0,,,0
Sequential,Prophet REV2-8 Desktop,Sequential Prophet REV2-8 Desktop,1,1,2026-04-27,2026-04-27,0
Sequential,Prophet REV2-8 HeadphoneBundle,Sequential Prophet REV2-8 HeadphoneBundle,0,0,,,0
Sequential,Prophet Rev2,Sequential Prophet Rev2,3,3,2023-08-07,2026-03-08,0
Sequential,Prophet Rev2 Module,Sequential Prophet Rev2 Module,4,4,2023-03-01,2023-08-07,0
Sequential,Prophet VS,Sequential Prophet VS,0,0,,,0
Sequential,Prophet X,Sequential Prophet X,7,7,2022-12-31,2026-03-08,0
Sequential,Prophet X Module,Sequential Prophet X Module,0,0,,,0
Sequential,Prophet dektop 8 voices,Sequential Prophet dektop 8 voices,1,1,2026-05-13,2026-05-13,0
Sequential,Prophet-08,Sequential Prophet-08,0,0,,,0
Sequential,Prophet-10,Sequential Prophet-10,0,0,,,0
Sequential,Prophet-12,Sequential Prophet-12,0,0,,,0
Sequential,Prophet-12 Module,Sequential Prophet-12 Module,0,0,,,0
Sequential,Prophet-5,Sequential Prophet-5,0,0,,,0
Sequential,Prophet-6,Sequential Prophet-6,0,0,,,0
Sequential,Prophet-6 Module,Sequential Prophet-6 Module,0,0,,,0
Sequential,Prophet-600,Sequential Prophet-600,0,0,,,0
Sequential,Sequential Pro3,Sequential Sequential Pro3,1,0,2026-03-07,2026-03-07,0
Sequential,Take 5,Sequential Take 5,3,3,2023-08-07,2026-04-29,1
Sequential,Take 5 Desktop Module,Sequential Take 5 Desktop Module,0,0,,,0
Sequential,Tetr4 DSI,Sequential Tetr4 DSI,1,1,2026-03-08,2026-03-08,0
Sequential,Tetra,Sequential Tetra,4,4,2023-06-04,2026-03-16,0
Sequential,Trigon-6,Sequential Trigon-6,0,0,,,0
Sequential,Trigon-6 Desktop,Sequential Trigon-6 Desktop,0,0,,,0
Sequential,circuit SIX TRACK,Sequential circuit SIX TRACK,1,1,2026-03-16,2026-03-16,0
Sequential,dave smith prophet 08 pe,Sequential dave smith prophet 08 pe,1,1,2022-12-31,2022-12-31,0
Sequential,prophet - 8,Sequential prophet - 8,1,1,2022-12-31,2022-12-31,0
Sequential,prophet 6,Sequential prophet 6,0,0,,,0
Serge,NTO,Serge NTO,0,0,,,0
Serge,TKB,Serge TKB,0,0,,,0
Singular Sound,BeatBuddy 10th Annivers,Singular Sound BeatBuddy 10th Annivers,0,0,,,0
Singular Sound,BeatBuddy 10th Anniversary BK,Singular Sound BeatBuddy 10th Anniversary BK,0,0,,,0
Singular Sound,BeatBuddy 2,Singular Sound BeatBuddy 2,0,0,,,0
Singular Sound,BeatBuddy Mini 2,Singular Sound BeatBuddy Mini 2,0,0,,,0
Soma Laboratory,Cambio soma pulsar 23,Soma Laboratory Cambio soma pulsar 23,1,0,2026-05-04,2026-05-04,0
Soma Laboratory,Harvezi Hazze Soma Laboratory,Soma Laboratory Harvezi Hazze Soma Laboratory,1,1,2026-03-16,2026-03-16,0
Soma Laboratory,Lyra-8,Soma Laboratory Lyra-8,5,5,2023-06-04,2026-03-08,1
Soma Laboratory,PULSAR 23 Screw Soma Laboratory,Soma Laboratory PULSAR 23 Screw Soma Laboratory,1,1,2026-03-16,2026-03-16,0
Soma Laboratory,Pipe,Soma Laboratory Pipe,2,2,2026-03-19,2026-05-04,1
Soma Laboratory,Pulsar-23,Soma Laboratory Pulsar-23,1,1,2026-03-08,2026-03-08,0
Soma Laboratory,SOMA Ornament-8,Soma Laboratory SOMA Ornament-8,1,1,2026-03-08,2026-03-08,0
Soma Laboratory,Soma Lyra 8,Soma Laboratory Soma Lyra 8,5,5,2023-03-01,2026-04-25,1
Soma Laboratory,Soma Lyra 8 Green,Soma Laboratory Soma Lyra 8 Green,1,1,2026-03-16,2026-03-16,0
Soma Laboratory,Soma Pulsar 23,Soma Laboratory Soma Pulsar 23,2,2,2026-03-08,2026-03-22,1
Soma Laboratory,Soma pulsar 23 white turrets,Soma Laboratory Soma pulsar 23 white turrets,1,1,2026-03-16,2026-03-16,0
Soma Laboratory,Terra,Soma Laboratory Terra,1,1,2026-03-08,2026-03-08,0
Soma Laboratory,The Pipe Vocal by Soma,Soma Laboratory The Pipe Vocal by Soma,0,0,,,0
Soma Laboratory,cosmos,Soma Laboratory cosmos,1,1,2026-04-06,2026-04-06,0
Soma Laboratory,soma lyra 8,Soma Laboratory soma lyra 8,0,0,,,0
Sonicware,CyDrums,Sonicware CyDrums,0,0,,,0
Sonicware,ELZ_1,Sonicware ELZ_1,1,1,2026-03-08,2026-03-08,0
Sonicware,ELZ_1 play,Sonicware ELZ_1 play,0,0,,,0
Sonicware,ELZ_1 play Black,Sonicware ELZ_1 play Black,0,0,,,0
Sonicware,LIVEN 8bit warps,Sonicware LIVEN 8bit warps,0,0,,,0
Sonicware,LIVEN Ambient Ø,Sonicware LIVEN Ambient Ø,0,0,,,0
Sonicware,LIVEN Bass & Beats,Sonicware LIVEN Bass & Beats,0,0,,,0
Sonicware,LIVEN Evoke,Sonicware LIVEN Evoke,0,0,,,0
Sonicware,LIVEN Lofi-12,Sonicware LIVEN Lofi-12,0,0,,,0
Sonicware,LIVEN Mega Synthesis,Sonicware LIVEN Mega Synthesis,0,0,,,0
Sonicware,LIVEN Texture Lab,Sonicware LIVEN Texture Lab,0,0,,,0
Sonicware,LIVEN XFM,Sonicware LIVEN XFM,0,0,,,0
Sonicware,Liven 8bits Warps,Sonicware Liven 8bits Warps,1,1,2026-04-22,2026-04-22,0
Sonicware,Liven Lofi-6,Sonicware Liven Lofi-6,0,0,,,0
Sonicware,Liven Texture Lab,Sonicware Liven Texture Lab,0,0,,,0
Sonicware,Liven XFM,Sonicware Liven XFM,0,0,,,0
Sonicware,Lofi-12 XT,Sonicware Lofi-12 XT,0,0,,,0
Sonicware,Lofi-12 XT -Ltd Retro,Sonicware Lofi-12 XT -Ltd Retro,0,0,,,0
Sonicware,SMPLTR,Sonicware SMPLTR,0,0,,,0
Sonicware,SmplTrek,Sonicware SmplTrek,1,1,2026-03-16,2026-03-16,0
Sonicware,liven bass n beats,Sonicware liven bass n beats,1,1,2026-04-26,2026-04-26,0
Squarp,Hapax,Squarp Hapax,5,5,2023-03-01,2026-03-08,0
Squarp,Hermod - Squarp Instruments,Squarp Hermod - Squarp Instruments,2,2,2026-04-08,2026-04-10,1
Squarp,Hermod Modular - Squarp Instruments,Squarp Hermod Modular - Squarp Instruments,1,1,2026-04-27,2026-04-27,0
Squarp,Instruments Hermod Modular Brain,Squarp Instruments Hermod Modular Brain,1,1,2026-03-16,2026-03-16,0
Squarp,Pyramid,Squarp Pyramid,0,0,,,0
Squarp,Pyramid MK1,Squarp Pyramid MK1,0,0,,,0
Squarp,Pyramid MK2,Squarp Pyramid MK2,0,0,,,0
Squarp,Pyramid MK3,Squarp Pyramid MK3,0,0,,,0
Squarp,Rample,Squarp Rample,1,1,2023-03-01,2023-03-01,0
Studio Electronics,Boomstar 3003,Studio Electronics Boomstar 3003,0,0,,,0
Studio Electronics,Boomstar 4075,Studio Electronics Boomstar 4075,0,0,,,0
Studio Electronics,Boomstar SE,Studio Electronics Boomstar SE,0,0,,,0
Studio Electronics,MidiMini V30,Studio Electronics MidiMini V30,0,0,,,0
Studio Electronics,Omega-8,Studio Electronics Omega-8,0,0,,,0
Studio Electronics,SE88,Studio Electronics SE88,0,0,,,0
Studiologic,- VMK 176 PLUS 88,Studiologic - VMK 176 PLUS 88,1,1,2026-03-08,2026-03-08,0
Studiologic,ACUNA 88 STUDIOLOGIC,Studiologic ACUNA 88 STUDIOLOGIC,1,1,2026-03-08,2026-03-08,0
Studiologic,Compro Studiologic SL73 MKII,Studiologic Compro Studiologic SL73 MKII,1,0,2026-03-16,2026-03-16,0
Studiologic,Numa Compact,Studiologic Numa Compact,0,0,,,0
Studiologic,Numa Compact 2,Studiologic Numa Compact 2,2,2,2026-03-08,2026-03-16,1
Studiologic,Numa Concert,Studiologic Numa Concert,0,0,,,0
Studiologic,Numa X Piano,Studiologic Numa X Piano,0,0,,,0
Studiologic,SL 73 Studio,Studiologic SL 73 Studio,1,1,2026-05-14,2026-05-14,0
Studiologic,SL Grand,Studiologic SL Grand,0,0,,,0
Studiologic,SL73,Studiologic SL73,1,1,2026-04-11,2026-04-11,0
Studiologic,SL73 Studio,Studiologic SL73 Studio,0,0,,,0
Studiologic,SL88 Grand,Studiologic SL88 Grand,1,1,2026-03-08,2026-03-08,0
Studiologic,SL88 Studio,Studiologic SL88 Studio,1,1,2026-03-22,2026-03-22,0
Studiologic,SL990 Pro (MIDI ),Studiologic SL990 Pro (MIDI ),1,1,2026-03-08,2026-03-08,0
Studiologic,VMK188 Plus – 88 Βαρυκεντρισ,Studiologic VMK188 Plus – 88 Βαρυκεντρισ,1,1,2026-04-10,2026-04-10,0
Studiologic,acuna 88 precio solo hasta,Studiologic acuna 88 precio solo hasta,1,1,2022-12-31,2022-12-31,0
Studiologic,sl 73 mixface,Studiologic sl 73 mixface,1,1,2022-12-31,2022-12-31,0
Studiologic,sl880 pro ανταλλακτικά,Studiologic sl880 pro ανταλλακτικά,1,1,2026-03-08,2026-03-08,0
Studiologic,sledge 2 ver.2,Studiologic sledge 2 ver.2,1,1,2026-03-08,2026-03-08,0
Studiologic,Ανταλλάσεται Studiologic vmk188 plus,Studiologic Ανταλλάσεται Studiologic vmk188 plus,1,1,2026-03-23,2026-03-23,0
Stylophone,Beat,Stylophone Beat,0,0,,,0
Stylophone,Bowie,Stylophone Bowie,0,0,,,0
Stylophone,CPM DS-2,Stylophone CPM DS-2,0,0,,,0
Stylophone,Gen-X2,Stylophone Gen-X2,0,0,,,0
Stylophone,S-1 Analog,Stylophone S-1 Analog,0,0,,,0
Stylophone,Stylosette,Stylophone Stylosette,0,0,,,0
Stylophone,Theremin,Stylophone Theremin,0,0,,,0
Supercritical Synthesizers,Redshift 6,Supercritical Synthesizers Redshift 6,0,0,,,0
Suzuki,Omnichord OM-108,Suzuki Omnichord OM-108,0,0,,,0
Suzuki,Omnichord OM-108 Red,Suzuki Omnichord OM-108 Red,0,0,,,0
Swissonic,DR-101,Swissonic DR-101,0,0,,,0
Synclavier,Regen,Synclavier Regen,0,0,,,0
Synclavier,Regen + Knob Combo Kit,Synclavier Regen + Knob Combo Kit,0,0,,,0
Synthstrom Audible,Deluge,Synthstrom Audible Deluge,0,0,,,0
Tasty Chips,ECR-1,Tasty Chips ECR-1,1,1,2026-03-08,2026-03-08,0
Tasty Chips,GR-1,Tasty Chips GR-1,2,2,2026-03-08,2026-05-08,1
Tasty Chips,GR-MEGA Modular -,Tasty Chips GR-MEGA Modular -,1,1,2026-03-16,2026-03-16,0
Tasty Chips,Gr-1,Tasty Chips Gr-1,0,0,,,0
Tasty Chips,tasty granular synth tasty chips,Tasty Chips tasty granular synth tasty chips,1,1,2023-03-01,2023-03-01,0
Tasty Chips,tasty tasty chips electronics gr1,Tasty Chips tasty tasty chips electronics gr1,1,1,2023-08-07,2023-08-07,0
Teenage Engineering,EP-1320 Medieval,Teenage Engineering EP-1320 Medieval,0,0,,,0
Teenage Engineering,EP-133,Teenage Engineering EP-133,1,0,2026-03-28,2026-03-28,0
Teenage Engineering,EP-133 K.O. II 128MB,Teenage Engineering EP-133 K.O. II 128MB,0,0,,,0
Teenage Engineering,EP-133 K.O. II B-Stock,Teenage Engineering EP-133 K.O. II B-Stock,0,0,,,0
Teenage Engineering,EP-40 Launch,Teenage Engineering EP-40 Launch,0,0,,,0
Teenage Engineering,K.O.II,Teenage Engineering K.O.II,1,0,2026-03-16,2026-03-16,0
Teenage Engineering,OP-1,Teenage Engineering OP-1,2,2,2023-08-07,2026-03-08,0
Teenage Engineering,OP-1 Field,Teenage Engineering OP-1 Field,0,0,,,0
Teenage Engineering,OP-1 Field Teenage Engineering,Teenage Engineering OP-1 Field Teenage Engineering,1,1,2026-04-04,2026-04-04,0
Teenage Engineering,OP-1 field,Teenage Engineering OP-1 field,0,0,,,0
Teenage Engineering,OP-XY,Teenage Engineering OP-XY,0,0,,,0
Teenage Engineering,OP-Z,Teenage Engineering OP-Z,0,0,,,0
Teenage Engineering,OP1,Teenage Engineering OP1,1,1,2026-04-20,2026-04-20,0
Teenage Engineering,Op1 teenage engineering,Teenage Engineering Op1 teenage engineering,1,1,2026-03-08,2026-03-08,0
Teenage Engineering,Opz,Teenage Engineering Opz,1,1,2026-03-08,2026-03-08,0
Teenage Engineering,PO-12 rhythm,Teenage Engineering PO-12 rhythm,0,0,,,0
Teenage Engineering,PO-16 factory,Teenage Engineering PO-16 factory,1,1,2026-03-08,2026-03-08,0
Teenage Engineering,PO-20 arcade,Teenage Engineering PO-20 arcade,3,3,2023-03-01,2026-03-23,1
Teenage Engineering,PO-28 (robot) & CA-X red,Teenage Engineering PO-28 (robot) & CA-X red,1,1,2026-03-23,2026-03-23,0
Teenage Engineering,PO-32 & Teenage Engineering CA-X,Teenage Engineering PO-32 & Teenage Engineering CA-X,1,1,2026-03-08,2026-03-08,0
Teenage Engineering,PO-32 tonic,Teenage Engineering PO-32 tonic,0,0,,,0
Teenage Engineering,PO-33 K.O.,Teenage Engineering PO-33 K.O.,0,0,,,0
Teenage Engineering,PO-35 speak,Teenage Engineering PO-35 speak,0,0,,,0
Teenage Engineering,Pocket Operator PO-12,Teenage Engineering Pocket Operator PO-12,0,0,,,0
Teenage Engineering,Pocket Operator PO-14,Teenage Engineering Pocket Operator PO-14,0,0,,,0
Teenage Engineering,Pocket Operator PO-16,Teenage Engineering Pocket Operator PO-16,0,0,,,0
Teenage Engineering,Pocket Operator PO-20,Teenage Engineering Pocket Operator PO-20,0,0,,,0
Teenage Engineering,Pocket Operator PO-24,Teenage Engineering Pocket Operator PO-24,0,0,,,0
Teenage Engineering,Pocket Operator PO-28,Teenage Engineering Pocket Operator PO-28,0,0,,,0
Teenage Engineering,Pocket Operator PO-32,Teenage Engineering Pocket Operator PO-32,0,0,,,0
Teenage Engineering,Pocket Operator PO-33,Teenage Engineering Pocket Operator PO-33,1,1,2026-03-27,2026-03-27,0
Teenage Engineering,Pocket Operator PO-35,Teenage Engineering Pocket Operator PO-35,0,0,,,0
Teenage Engineering,TE PO-133 Street Fighter &,Teenage Engineering TE PO-133 Street Fighter &,1,1,2026-04-15,2026-04-15,0
Teenage Engineering,Vendo OP-Z,Teenage Engineering Vendo OP-Z,1,1,2026-05-08,2026-05-08,0
Teenage Engineering,op1,Teenage Engineering op1,1,1,2023-03-01,2023-03-01,0
Teenage Engineering,op1 field,Teenage Engineering op1 field,2,2,2026-03-08,2026-04-11,1
Teenage Engineering,po-33,Teenage Engineering po-33,1,1,2023-08-07,2023-08-07,0
Tiptop Audio,Buchla 258t,Tiptop Audio Buchla 258t,0,0,,,0
Tiptop Audio,Happy Ending Kit,Tiptop Audio Happy Ending Kit,0,0,,,0
Tiptop Audio,Z-DSP,Tiptop Audio Z-DSP,1,1,2023-03-01,2023-03-01,0
Tiptop Audio,hats808,Tiptop Audio hats808,1,1,2023-08-07,2023-08-07,0
Tiptop Audio,tiptop sd808 white,Tiptop Audio tiptop sd808 white,3,3,2023-06-04,2023-08-07,0
Tiptop Audio,z 3000,Tiptop Audio z 3000,3,3,2023-06-04,2023-08-07,0
Torso Electronics,S4,Torso Electronics S4,0,0,,,0
Torso Electronics,S4 White,Torso Electronics S4 White,0,0,,,0
Twisted Electrons,AY3,Twisted Electrons AY3,0,0,,,0
Twisted Electrons,BlastBeats,Twisted Electrons BlastBeats,0,0,,,0
Twisted Electrons,Crazy8 Beats,Twisted Electrons Crazy8 Beats,0,0,,,0
Twisted Electrons,MEGAfm MKII,Twisted Electrons MEGAfm MKII,0,0,,,0
Twisted Electrons,MegaFM,Twisted Electrons MegaFM,0,0,,,0
Twisted Electrons,TWISTfm,Twisted Electrons TWISTfm,0,0,,,0
Twisted Electrons,TherapSid,Twisted Electrons TherapSid,0,0,,,0
UDO Audio,DMNO Black,UDO Audio DMNO Black,0,0,,,0
UDO Audio,DMNO White,UDO Audio DMNO White,0,0,,,0
UDO Audio,Super 6,UDO Audio Super 6,7,7,2022-12-31,2023-08-07,0
UDO Audio,Super 6 Blue,UDO Audio Super 6 Blue,1,1,2022-12-31,2022-12-31,0
UDO Audio,Super 6 Desktop,UDO Audio Super 6 Desktop,0,0,,,0
UDO Audio,Super 6 White SE,UDO Audio Super 6 White SE,0,0,,,0
UDO Audio,Super 8 White,UDO Audio Super 8 White,0,0,,,0
UDO Audio,Super Gemini,UDO Audio Super Gemini,0,0,,,0
UDO Audio,Super Gemini White,UDO Audio Super Gemini White,0,0,,,0
V3 Sound,Drumity Pro,V3 Sound Drumity Pro,0,0,,,0
V3 Sound,Drumity Pro BT,V3 Sound Drumity Pro BT,0,0,,,0
V3 Sound,Grand Piano Pro,V3 Sound Grand Piano Pro,0,0,,,0
V3 Sound,Grand Piano Pro BT,V3 Sound Grand Piano Pro BT,0,0,,,0
V3 Sound,Sonority Pro,V3 Sound Sonority Pro,0,0,,,0
V3 Sound,Sonority Pro BT,V3 Sound Sonority Pro BT,0,0,,,0
Verbos Electronics,Bark Filter Processor,Verbos Electronics Bark Filter Processor,0,0,,,0
Verbos Electronics,Complex Oscillator,Verbos Electronics Complex Oscillator,0,0,,,0
Verbos Electronics,Harmonic Oscillator,Verbos Electronics Harmonic Oscillator,0,0,,,0
Vermona,DRM MKIII Analog,Vermona DRM MKIII Analog,1,1,2026-04-19,2026-04-19,0
Vermona,DRM1,Vermona DRM1,6,6,2022-12-31,2026-04-09,0
Vermona,DRM1 MKIII,Vermona DRM1 MKIII,5,5,2022-12-31,2023-08-07,0
Vermona,DRM1 MKIV,Vermona DRM1 MKIV,1,1,2026-03-31,2026-03-31,0
Vermona,DRM1 MKIV Trigger,Vermona DRM1 MKIV Trigger,1,1,2026-03-08,2026-03-08,0
Vermona,Jomox alpha base,Vermona Jomox alpha base,1,1,2026-03-16,2026-03-16,0
Vermona,Kick Lancet,Vermona Kick Lancet,0,0,,,0
Vermona,MeloDICER,Vermona MeloDICER,2,2,2026-03-16,2026-03-19,1
Vermona,MeloDicer,Vermona MeloDicer,0,0,,,0
Vermona,Mono Lancet,Vermona Mono Lancet,0,0,,,0
Vermona,Mono Lancet 15,Vermona Mono Lancet 15,0,0,,,0
Vermona,Mono Lancet´15,Vermona Mono Lancet´15,0,0,,,0
Vermona,PERfourMER MKII,Vermona PERfourMER MKII,0,0,,,0
Vermona,PERfourMER MkII,Vermona PERfourMER MkII,0,0,,,0
Vermona,PERfourMER MkII CV/Gate,Vermona PERfourMER MkII CV/Gate,0,0,,,0
Vermona,Perfourmer,Vermona Perfourmer,1,1,2026-03-16,2026-03-16,0
Vermona,Sonic potions Lxr v1,Vermona Sonic potions Lxr v1,1,1,2026-03-08,2026-03-08,0
Vermona,Vintage,Vermona Vintage,2,2,2022-12-31,2026-03-08,0
Vermona,ZOOM MRT-3 (modified),Vermona ZOOM MRT-3 (modified),1,1,2026-03-08,2026-03-08,0
Vermona,pearl pearl drum x drx-1,Vermona pearl pearl drum x drx-1,1,1,2023-03-01,2023-03-01,0
Vermona,vintage,Vermona vintage,0,0,,,0
Viscount,Legend Expander,Viscount Legend Expander,0,0,,,0
Waldorf,2-Pole,Waldorf 2-Pole,0,0,,,0
Waldorf,Blofeld,Waldorf Blofeld,8,8,2023-03-01,2026-03-16,1
Waldorf,Blofeld Black,Waldorf Blofeld Black,0,0,,,0
Waldorf,Blofeld Desktop,Waldorf Blofeld Desktop,4,4,2022-12-31,2026-03-16,1
Waldorf,Blofeld Keyboard Black,Waldorf Blofeld Keyboard Black,0,0,,,0
Waldorf,Blofeld Keys,Waldorf Blofeld Keys,0,0,,,0
Waldorf,IRIDIUM CORE,Waldorf IRIDIUM CORE,1,1,2026-05-13,2026-05-13,0
Waldorf,IRIDIUM Core,Waldorf IRIDIUM Core,1,1,2026-04-15,2026-04-15,0
Waldorf,Iridium,Waldorf Iridium,4,4,2026-03-07,2026-04-24,1
Waldorf,Iridium Core,Waldorf Iridium Core,0,0,,,0
Waldorf,Iridium Desktop MK2,Waldorf Iridium Desktop MK2,0,0,,,0
Waldorf,Iridium Keyboard,Waldorf Iridium Keyboard,5,4,2026-03-08,2026-05-06,1
Waldorf,Kyra,Waldorf Kyra,3,3,2023-08-07,2026-03-22,1
Waldorf,M,Waldorf M,0,0,,,0
Waldorf,M 8 voces,Waldorf M 8 voces,1,1,2026-04-16,2026-04-16,0
Waldorf,Micro Q,Waldorf Micro Q,3,3,2026-03-08,2026-04-18,1
Waldorf,Microwave,Waldorf Microwave,1,1,2026-03-16,2026-03-16,0
Waldorf,Microwave II,Waldorf Microwave II,0,0,,,0
Waldorf,Microwave XT,Waldorf Microwave XT,0,0,,,0
Waldorf,Microwave XTk,Waldorf Microwave XTk,0,0,,,0
Waldorf,Nave,Waldorf Nave,0,0,,,0
Waldorf,Protein,Waldorf Protein,2,2,2026-03-27,2026-04-10,1
Waldorf,Pulse,Waldorf Pulse,0,0,,,0
Waldorf,Pulse 2,Waldorf Pulse 2,3,3,2023-08-07,2026-03-16,1
Waldorf,Pulse+,Waldorf Pulse+,0,0,,,0
Waldorf,Q,Waldorf Q,0,0,,,0
Waldorf,Q+,Waldorf Q+,0,0,,,0
Waldorf,Quantum,Waldorf Quantum,5,5,2022-12-31,2026-03-08,1
Waldorf,Quantum MK2 B-Stock,Waldorf Quantum MK2 B-Stock,0,0,,,0
Waldorf,Quantum Mk2,Waldorf Quantum Mk2,1,1,2026-03-08,2026-03-08,0
Waldorf,Rocket,Waldorf Rocket,0,0,,,0
Waldorf,STVC,Waldorf STVC,2,2,2026-03-08,2026-03-27,1
Waldorf,Streichfett,Waldorf Streichfett,3,3,2026-03-08,2026-05-07,1
Waldorf,Wave,Waldorf Wave,5,5,2022-12-31,2023-08-07,0
Waldorf,Zarenbourg,Waldorf Zarenbourg,0,0,,,0
Waldorf,iridium,Waldorf iridium,0,0,,,0
Waldorf,"micro Q rack,2001, Germany, synth","Waldorf micro Q rack,2001, Germany, synth",0,0,,,0
Waldorf,microQ,Waldorf microQ,3,3,2026-03-08,2026-03-16,1
Waldorf,microQ Omega,Waldorf microQ Omega,0,0,,,0
Widara,Distant Voices Theremin,Widara Distant Voices Theremin,0,0,,,0
Yamaha,- PSR-SX700,Yamaha - PSR-SX700,0,0,,,0
Yamaha,-PSR-EW425 (76 KEYS),Yamaha -PSR-EW425 (76 KEYS),0,0,,,0
Yamaha,/ αρμόνιο YAMAHA YPT-200,Yamaha / αρμόνιο YAMAHA YPT-200,0,0,,,0
Yamaha,"3 61, pedal yamaha fc5a,","Yamaha 3 61, pedal yamaha fc5a,",0,0,,,0
Yamaha,"A 5000 TIMH 1,500 EYR","Yamaha A 5000 TIMH 1,500 EYR",1,1,2026-03-08,2026-03-08,0
Yamaha,A300 ORIENTAL,Yamaha A300 ORIENTAL,1,1,2026-03-08,2026-03-08,0
Yamaha,A3000 2 EPROM,Yamaha A3000 2 EPROM,0,0,,,0
Yamaha,A3000 Control board XS547,Yamaha A3000 Control board XS547,1,1,2026-03-08,2026-03-08,0
Yamaha,A3000 encoders PCB P.Nr XS548,Yamaha A3000 encoders PCB P.Nr XS548,0,0,,,0
Yamaha,AN1x,Yamaha AN1x,2,2,2026-03-08,2026-03-08,1
Yamaha,ARMONIO YAMAHA,Yamaha ARMONIO YAMAHA,1,1,2026-03-23,2026-03-23,0
Yamaha,Analog Xperience,Yamaha Analog Xperience,1,1,2026-05-01,2026-05-01,0
Yamaha,Arius YDP-135,Yamaha Arius YDP-135,1,1,2026-04-16,2026-04-16,0
Yamaha,Arius YPD 163,Yamaha Arius YPD 163,1,1,2026-03-08,2026-03-08,0
Yamaha,Arrangers - World Voices Expansion,Yamaha Arrangers - World Voices Expansion,1,1,2026-03-27,2026-03-27,0
Yamaha,Banco Yamaha PKBB1,Yamaha Banco Yamaha PKBB1,1,1,2026-04-16,2026-04-16,0
Yamaha,Brahner F-105S,Yamaha Brahner F-105S,1,1,2026-04-29,2026-04-29,0
Yamaha,C-198,Yamaha C-198,0,0,,,0
Yamaha,C5,Yamaha C5,0,0,,,0
Yamaha,C7 1 PIANOS,Yamaha C7 1 PIANOS,1,1,2026-05-01,2026-05-01,0
Yamaha,CK61,Yamaha CK61,1,1,2026-03-07,2026-03-07,0
Yamaha,CK88,Yamaha CK88,0,0,,,0
Yamaha,CLP 725,Yamaha CLP 725,1,1,2026-03-08,2026-03-08,0
Yamaha,CLP-645B - Black,Yamaha CLP-645B - Black,1,1,2026-03-08,2026-03-08,0
Yamaha,CLP-835 ΚΑΙΝΟΥΡΓΙΟ,Yamaha CLP-835 ΚΑΙΝΟΥΡΓΙΟ,1,1,2026-03-08,2026-03-08,0
Yamaha,CP (Reface),Yamaha CP (Reface),0,0,,,0
Yamaha,CP 4 Stage Piano,Yamaha CP 4 Stage Piano,1,1,2026-03-23,2026-03-23,0
Yamaha,CP4,Yamaha CP4,0,0,,,0
Yamaha,CP40,Yamaha CP40,0,0,,,0
Yamaha,CP70 PIANOS,Yamaha CP70 PIANOS,1,1,2026-05-01,2026-05-01,0
Yamaha,CP80,Yamaha CP80,0,0,,,0
Yamaha,CP88,Yamaha CP88,0,0,,,0
Yamaha,CS 30,Yamaha CS 30,0,0,,,0
Yamaha,CS-10,Yamaha CS-10,1,1,2026-03-08,2026-03-08,0
Yamaha,CS-10 — Vintage Αναλογικό Συνθεσάιζερ,Yamaha CS-10 — Vintage Αναλογικό Συνθεσάιζερ,1,1,2026-04-22,2026-04-22,0
Yamaha,CS-15,Yamaha CS-15,0,0,,,0
Yamaha,CS-15 Duophonic,Yamaha CS-15 Duophonic,1,1,2026-04-15,2026-04-15,0
Yamaha,CS-20,Yamaha CS-20,0,0,,,0
Yamaha,CS-30,Yamaha CS-30,0,0,,,0
Yamaha,CS-5,Yamaha CS-5,1,1,2026-03-08,2026-03-08,0
Yamaha,CS-50,Yamaha CS-50,0,0,,,0
Yamaha,CS-60,Yamaha CS-60,0,0,,,0
Yamaha,CS-80,Yamaha CS-80,0,0,,,0
Yamaha,CS1X,Yamaha CS1X,0,0,,,0
Yamaha,CS1x,Yamaha CS1x,0,0,,,0
Yamaha,CS2x,Yamaha CS2x,0,0,,,0
Yamaha,CS6X,Yamaha CS6X,0,0,,,0
Yamaha,CSP-295PE,Yamaha CSP-295PE,1,1,2026-04-02,2026-04-02,0
Yamaha,DGX 660B,Yamaha DGX 660B,1,1,2026-03-08,2026-03-08,0
Yamaha,DGX-620,Yamaha DGX-620,1,1,2026-03-08,2026-03-08,0
Yamaha,DGX-630,Yamaha DGX-630,1,1,2026-03-08,2026-03-08,0
Yamaha,DGX-640,Yamaha DGX-640,1,1,2026-04-02,2026-04-02,0
Yamaha,DGX-660 White,Yamaha DGX-660 White,1,1,2026-03-08,2026-03-08,0
Yamaha,DJX II,Yamaha DJX II,1,1,2026-03-16,2026-03-16,0
Yamaha,DX 27 ΑΝΤΑΛΛΑΓΗ ΔΕΝ ΧΩΡΑΕΙ,Yamaha DX 27 ΑΝΤΑΛΛΑΓΗ ΔΕΝ ΧΩΡΑΕΙ,1,1,2026-03-08,2026-03-08,0
Yamaha,DX 7,Yamaha DX 7,0,0,,,0
Yamaha,DX 7 MKII FD (Ανταλλακτικα,Yamaha DX 7 MKII FD (Ανταλλακτικα,1,1,2026-03-08,2026-03-08,0
Yamaha,DX1,Yamaha DX1,0,0,,,0
Yamaha,DX100,Yamaha DX100,0,0,,,0
Yamaha,DX11,Yamaha DX11,0,0,,,0
Yamaha,DX21,Yamaha DX21,0,0,,,0
Yamaha,DX27,Yamaha DX27,0,0,,,0
Yamaha,DX27S,Yamaha DX27S,0,0,,,0
Yamaha,DX5,Yamaha DX5,0,0,,,0
Yamaha,DX7,Yamaha DX7,3,3,2026-03-08,2026-03-19,1
Yamaha,DX7 II,Yamaha DX7 II,5,5,2022-12-31,2026-03-16,0
Yamaha,DX7 IID,Yamaha DX7 IID,0,0,,,0
Yamaha,DX7 IIFD,Yamaha DX7 IIFD,0,0,,,0
Yamaha,DX9,Yamaha DX9,0,0,,,0
Yamaha,EX5,Yamaha EX5,2,2,2022-12-31,2023-08-07,0
Yamaha,EX5R,Yamaha EX5R,0,0,,,0
Yamaha,EX7,Yamaha EX7,1,1,2026-03-08,2026-03-08,0
Yamaha,EZ300,Yamaha EZ300,0,0,,,0
Yamaha,FB-01,Yamaha FB-01,0,0,,,0
Yamaha,FC5 Sustain Pedal,Yamaha FC5 Sustain Pedal,1,1,2026-03-08,2026-03-08,0
Yamaha,FC900 Foot Controlller,Yamaha FC900 Foot Controlller,1,1,2026-03-08,2026-03-08,0
Yamaha,FSR8,Yamaha FSR8,0,0,,,0
Yamaha,Genos,Yamaha Genos,0,0,,,0
Yamaha,Genos 2 Workstation,Yamaha Genos 2 Workstation,0,0,,,0
Yamaha,Genos2,Yamaha Genos2,1,1,2026-03-08,2026-03-08,0
Yamaha,KX-88 FULLY WEIGHTED MIDI,Yamaha KX-88 FULLY WEIGHTED MIDI,1,1,2026-04-08,2026-04-08,0
Yamaha,KX61,Yamaha KX61,1,1,2026-03-08,2026-03-08,0
Yamaha,LP-5 Πεταλιέρα,Yamaha LP-5 Πεταλιέρα,1,1,2026-03-08,2026-03-08,0
Yamaha,M1J,Yamaha M1J,0,0,,,0
Yamaha,ME-200,Yamaha ME-200,1,1,2026-03-23,2026-03-23,0
Yamaha,MFC06,Yamaha MFC06,0,0,,,0
Yamaha,MFC10,Yamaha MFC10,0,0,,,0
Yamaha,MM6,Yamaha MM6,0,0,,,0
Yamaha,MO6 Workstation Synth,Yamaha MO6 Workstation Synth,1,1,2026-03-08,2026-03-08,0
Yamaha,MODX 6,Yamaha MODX 6,2,2,2026-04-27,2026-04-27,1
Yamaha,MODX M6,Yamaha MODX M6,1,1,2026-03-08,2026-03-08,0
Yamaha,MODX M7,Yamaha MODX M7,0,0,,,0
Yamaha,MODX M8,Yamaha MODX M8,1,1,2026-03-08,2026-03-08,0
Yamaha,MODX soft case,Yamaha MODX soft case,1,1,2026-03-08,2026-03-08,0
Yamaha,MODX6,Yamaha MODX6,3,3,2026-03-08,2026-03-08,1
Yamaha,MODX6+,Yamaha MODX6+,4,4,2022-12-31,2026-03-08,1
Yamaha,MODX7,Yamaha MODX7,7,7,2023-06-04,2026-03-08,1
Yamaha,MODX7+,Yamaha MODX7+,4,4,2023-06-04,2026-03-08,0
Yamaha,MODX8,Yamaha MODX8,3,3,2023-06-07,2026-03-08,0
Yamaha,MODX8+,Yamaha MODX8+,2,2,2026-03-08,2026-03-16,1
Yamaha,MOTF XS8,Yamaha MOTF XS8,1,1,2026-03-08,2026-03-08,0
Yamaha,MOX6,Yamaha MOX6,1,1,2026-03-16,2026-03-16,0
Yamaha,MOX8,Yamaha MOX8,1,1,2026-03-08,2026-03-08,0
Yamaha,MU 80,Yamaha MU 80,0,0,,,0
Yamaha,MU100R,Yamaha MU100R,2,2,2023-03-01,2026-03-08,0
Yamaha,MU90R,Yamaha MU90R,0,0,,,0
Yamaha,MX 61,Yamaha MX 61,0,0,,,0
Yamaha,MX49,Yamaha MX49,0,0,,,0
Yamaha,MX49 V2 Black,Yamaha MX49 V2 Black,0,0,,,0
Yamaha,MX49 V2 Blue,Yamaha MX49 V2 Blue,0,0,,,0
Yamaha,MX61 V2,Yamaha MX61 V2,0,0,,,0
Yamaha,MX61 V2 Black,Yamaha MX61 V2 Black,1,1,2026-03-08,2026-03-08,0
Yamaha,MX61 V2 Blue,Yamaha MX61 V2 Blue,0,0,,,0
Yamaha,MX88,Yamaha MX88,5,5,2023-06-04,2026-04-02,1
Yamaha,MX88 88 πλήκτρων,Yamaha MX88 88 πλήκτρων,1,1,2026-04-18,2026-04-18,0
Yamaha,Modx 6,Yamaha Modx 6,1,1,2026-04-24,2026-04-24,0
Yamaha,Montage 6,Yamaha Montage 6,0,0,,,0
Yamaha,Montage 7,Yamaha Montage 7,5,5,2023-06-07,2026-05-01,1
Yamaha,Montage 8,Yamaha Montage 8,6,6,2023-03-01,2026-04-18,1
Yamaha,Montage M6,Yamaha Montage M6,0,0,,,0
Yamaha,Montage M7,Yamaha Montage M7,0,0,,,0
Yamaha,Montage M8x,Yamaha Montage M8x,0,0,,,0
Yamaha,Motif,Yamaha Motif,5,5,2022-12-31,2026-03-16,1
Yamaha,Motif ES,Yamaha Motif ES,1,1,2026-03-08,2026-03-08,0
Yamaha,Motif ES6,Yamaha Motif ES6,1,1,2026-03-16,2026-03-16,0
Yamaha,Motif ES7,Yamaha Motif ES7,3,3,2026-03-08,2026-03-08,1
Yamaha,Motif ES8,Yamaha Motif ES8,1,1,2023-06-04,2023-06-04,0
Yamaha,Motif XF,Yamaha Motif XF,4,4,2022-12-31,2026-03-16,0
Yamaha,Motif XF6,Yamaha Motif XF6,3,3,2026-03-08,2026-03-27,1
Yamaha,Motif XF7,Yamaha Motif XF7,1,1,2026-03-08,2026-03-08,0
Yamaha,Motif XF8,Yamaha Motif XF8,0,0,,,0
Yamaha,Motif XS,Yamaha Motif XS,0,0,,,0
Yamaha,Motif XS6,Yamaha Motif XS6,3,3,2026-03-08,2026-04-02,1
Yamaha,Motif XS7,Yamaha Motif XS7,0,0,,,0
Yamaha,Motif XS8,Yamaha Motif XS8,2,2,2026-03-08,2026-03-08,1
Yamaha,Music Cartridge,Yamaha Music Cartridge,1,1,2026-03-08,2026-03-08,0
Yamaha,Mx61,Yamaha Mx61,0,0,,,0
Yamaha,P-225,Yamaha P-225,0,0,,,0
Yamaha,P-515,Yamaha P-515,0,0,,,0
Yamaha,P125,Yamaha P125,0,0,,,0
Yamaha,P225,Yamaha P225,0,0,,,0
Yamaha,P45B,Yamaha P45B,0,0,,,0
Yamaha,PS-10 (Automatic Bass Chord System),Yamaha PS-10 (Automatic Bass Chord System),0,0,,,0
Yamaha,PSR 350,Yamaha PSR 350,1,1,2026-05-06,2026-05-06,0
Yamaha,PSR 8000,Yamaha PSR 8000,1,1,2026-03-08,2026-03-08,0
Yamaha,PSR 9000,Yamaha PSR 9000,2,2,2026-03-08,2026-03-23,1
Yamaha,PSR A-1000 Oriental,Yamaha PSR A-1000 Oriental,1,1,2026-03-08,2026-03-08,0
Yamaha,PSR A-5000 oriental,Yamaha PSR A-5000 oriental,1,1,2026-03-08,2026-03-08,0
Yamaha,PSR E373,Yamaha PSR E373,1,1,2026-03-08,2026-03-08,0
Yamaha,PSR E433,Yamaha PSR E433,1,1,2026-03-08,2026-03-08,0
Yamaha,PSR SX600,Yamaha PSR SX600,1,1,2026-03-08,2026-03-08,0
Yamaha,PSR SX700,Yamaha PSR SX700,2,2,2026-03-08,2026-03-28,1
Yamaha,PSR sx 600 ΚΑΙΝΟΥΡΓΙΟ,Yamaha PSR sx 600 ΚΑΙΝΟΥΡΓΙΟ,1,1,2026-03-08,2026-03-08,0
Yamaha,PSR-275,Yamaha PSR-275,1,1,2026-03-08,2026-03-08,0
Yamaha,PSR-290,Yamaha PSR-290,1,1,2026-03-08,2026-03-08,0
Yamaha,PSR-3000 αρμόνιο / επαγγελματικό,Yamaha PSR-3000 αρμόνιο / επαγγελματικό,1,1,2026-03-16,2026-03-16,0
Yamaha,PSR-36,Yamaha PSR-36,2,2,2026-03-08,2026-03-23,1
Yamaha,"PSR-47, 80-90s, από Ιαπωνία,","Yamaha PSR-47, 80-90s, από Ιαπωνία,",0,0,,,0
Yamaha,PSR-540,Yamaha PSR-540,1,1,2026-03-08,2026-03-08,0
Yamaha,PSR-630,Yamaha PSR-630,1,1,2026-03-08,2026-03-08,0
Yamaha,PSR-E313,Yamaha PSR-E313,2,2,2026-03-08,2026-04-25,1
Yamaha,"PSR-E313 con: atril, pie, funda,","Yamaha PSR-E313 con: atril, pie, funda,",0,0,,,0
Yamaha,PSR-E323 61 Key Portable,Yamaha PSR-E323 61 Key Portable,0,0,,,0
Yamaha,PSR-E363,Yamaha PSR-E363,1,1,2026-03-08,2026-03-08,0
Yamaha,PSR-E363 όργανο,Yamaha PSR-E363 όργανο,1,1,2026-03-08,2026-03-08,0
Yamaha,PSR-E373,Yamaha PSR-E373,2,2,2026-03-08,2026-04-09,1
Yamaha,PSR-E423 ΑΡΜΟΝΙΟ 61 ΠΛΗΚΤΡΩΝ,Yamaha PSR-E423 ΑΡΜΟΝΙΟ 61 ΠΛΗΚΤΡΩΝ,1,1,2026-03-08,2026-03-08,0
Yamaha,PSR-OR700,Yamaha PSR-OR700,1,1,2026-05-06,2026-05-06,0
Yamaha,PSR-S670,Yamaha PSR-S670,2,2,2026-03-08,2026-03-08,1
Yamaha,PSR-S770,Yamaha PSR-S770,1,1,2026-03-08,2026-03-08,0
Yamaha,PSR-SX600,Yamaha PSR-SX600,1,1,2026-03-08,2026-03-08,0
Yamaha,PSR-SX900,Yamaha PSR-SX900,1,1,2026-03-08,2026-03-08,0
Yamaha,PSR3000,Yamaha PSR3000,1,1,2026-03-08,2026-03-08,0
Yamaha,PSR48,Yamaha PSR48,0,0,,,0
Yamaha,PSS 80,Yamaha PSS 80,1,1,2026-03-08,2026-03-08,0
Yamaha,PSS-470 vintage σαν καινούργιο,Yamaha PSS-470 vintage σαν καινούργιο,0,0,,,0
Yamaha,Pedal Midi MFC10 Yamaha,Yamaha Pedal Midi MFC10 Yamaha,1,1,2026-04-22,2026-04-22,0
Yamaha,Phat Analog III,Yamaha Phat Analog III,1,1,2026-05-01,2026-05-01,0
Yamaha,Profesional Yamaha GENOS,Yamaha Profesional Yamaha GENOS,1,1,2026-03-22,2026-03-22,0
Yamaha,Pss 480,Yamaha Pss 480,1,1,2026-05-14,2026-05-14,0
Yamaha,QR-10,Yamaha QR-10,0,0,,,0
Yamaha,QY10,Yamaha QY10,0,0,,,0
Yamaha,QY100,Yamaha QY100,2,2,2022-12-31,2023-06-04,0
Yamaha,QY20,Yamaha QY20,0,0,,,0
Yamaha,QY300,Yamaha QY300,0,0,,,0
Yamaha,QY70,Yamaha QY70,0,0,,,0
Yamaha,QY700,Yamaha QY700,4,4,2023-03-01,2023-08-07,0
Yamaha,RM1X,Yamaha RM1X,0,0,,,0
Yamaha,RM1X portes a Península incluidos,Yamaha RM1X portes a Península incluidos,1,1,2026-03-07,2026-03-07,0
Yamaha,RM50,Yamaha RM50,1,1,2022-12-31,2022-12-31,0
Yamaha,ROYAL 1 PIANOS,Yamaha ROYAL 1 PIANOS,1,1,2026-05-01,2026-05-01,0
Yamaha,RS-7000,Yamaha RS-7000,1,1,2026-04-22,2026-04-22,0
Yamaha,RX 11,Yamaha RX 11,0,0,,,0
Yamaha,RX11,Yamaha RX11,1,1,2026-03-08,2026-03-08,0
Yamaha,RX15,Yamaha RX15,0,0,,,0
Yamaha,RX21,Yamaha RX21,0,0,,,0
Yamaha,RX5,Yamaha RX5,2,2,2026-03-08,2026-03-23,1
Yamaha,RX8,Yamaha RX8,2,2,2022-12-31,2026-03-08,0
Yamaha,RY 30 early 1990s Japan,Yamaha RY 30 early 1990s Japan,0,0,,,0
Yamaha,Reface CP,Yamaha Reface CP,1,1,2026-03-08,2026-03-08,0
Yamaha,Reface CS,Yamaha Reface CS,3,3,2023-06-04,2023-08-07,0
Yamaha,Reface DX,Yamaha Reface DX,4,4,2026-03-08,2026-05-02,1
Yamaha,Reface Soft Bag original,Yamaha Reface Soft Bag original,1,1,2026-03-16,2026-03-16,0
Yamaha,Reface YC,Yamaha Reface YC,0,0,,,0
Yamaha,S03,Yamaha S03,0,0,,,0
Yamaha,S08,Yamaha S08,1,1,2026-03-16,2026-03-16,0
Yamaha,S30,Yamaha S30,0,0,,,0
Yamaha,S80,Yamaha S80,0,0,,,0
Yamaha,S90,Yamaha S90,1,1,2026-03-23,2026-03-23,0
Yamaha,S90 ES,Yamaha S90 ES,1,1,2026-03-08,2026-03-08,0
Yamaha,S90 XS,Yamaha S90 XS,1,1,2026-03-08,2026-03-08,0
Yamaha,SEQTRAK,Yamaha SEQTRAK,1,1,2026-03-16,2026-03-16,0
Yamaha,STAGE PIANO YAMAHA P125 ΜΑΥΡΟ,Yamaha STAGE PIANO YAMAHA P125 ΜΑΥΡΟ,1,1,2026-03-23,2026-03-23,0
Yamaha,SY22,Yamaha SY22,5,5,2023-03-01,2026-03-16,0
Yamaha,SY35,Yamaha SY35,1,1,2026-04-02,2026-04-02,0
Yamaha,SY55,Yamaha SY55,1,1,2026-03-08,2026-03-08,0
Yamaha,SY77,Yamaha SY77,2,2,2022-12-31,2026-03-08,0
Yamaha,SY85,Yamaha SY85,0,0,,,0
Yamaha,SY99,Yamaha SY99,1,1,2026-03-08,2026-03-08,0
Yamaha,SYNTHESISER YAMAHA DSR-2000,Yamaha SYNTHESISER YAMAHA DSR-2000,1,1,2026-03-08,2026-03-08,0
Yamaha,Seqtrack,Yamaha Seqtrack,1,1,2026-03-16,2026-03-16,0
Yamaha,Silent B3,Yamaha Silent B3,1,1,2026-03-23,2026-03-23,0
Yamaha,Sinretizador Yamaha DX7s,Yamaha Sinretizador Yamaha DX7s,1,1,2026-03-16,2026-03-16,0
Yamaha,So3 μεταχειρισμένο,Yamaha So3 μεταχειρισμένο,1,1,2026-03-08,2026-03-08,0
Yamaha,Sustain Pedal,Yamaha Sustain Pedal,1,1,2026-03-08,2026-03-08,0
Yamaha,Sustain Pedal Yamaha,Yamaha Sustain Pedal Yamaha,1,1,2026-03-08,2026-03-08,0
Yamaha,TG-500 rack,Yamaha TG-500 rack,1,1,2026-03-08,2026-03-08,0
Yamaha,TG100,Yamaha TG100,1,1,2026-03-08,2026-03-08,0
Yamaha,TG33,Yamaha TG33,1,1,2026-03-08,2026-03-08,0
Yamaha,TG55,Yamaha TG55,3,3,2026-03-08,2026-03-08,1
Yamaha,TG77,Yamaha TG77,2,2,2026-03-08,2026-03-16,1
Yamaha,TX4N amplifier,Yamaha TX4N amplifier,0,0,,,0
Yamaha,TX7,Yamaha TX7,1,1,2026-03-08,2026-03-08,0
Yamaha,TX802,Yamaha TX802,0,0,,,0
Yamaha,TX816,Yamaha TX816,0,0,,,0
Yamaha,TX81Z,Yamaha TX81Z,1,1,2026-03-16,2026-03-16,0
Yamaha,Tenori-On,Yamaha Tenori-On,1,1,2026-03-08,2026-03-08,0
Yamaha,Tenori-on TNR-W,Yamaha Tenori-on TNR-W,1,1,2026-03-08,2026-03-08,0
Yamaha,Tyros 1 – Το Θρυλικό,Yamaha Tyros 1 – Το Θρυλικό,1,1,2026-03-16,2026-03-16,0
Yamaha,Tyros 5 Workstation,Yamaha Tyros 5 Workstation,1,1,2026-03-08,2026-03-08,0
Yamaha,U1,Yamaha U1,0,0,,,0
Yamaha,U1 GL,Yamaha U1 GL,0,0,,,0
Yamaha,U1G,Yamaha U1G,0,0,,,0
Yamaha,U1H refurbished by Yamaha Japan,Yamaha U1H refurbished by Yamaha Japan,1,1,2026-03-08,2026-03-08,0
Yamaha,U2,Yamaha U2,0,0,,,0
Yamaha,U3AS,Yamaha U3AS,0,0,,,0
Yamaha,V50,Yamaha V50,0,0,,,0
Yamaha,V50 WORKSTATION,Yamaha V50 WORKSTATION,0,0,,,0
Yamaha,VL1,Yamaha VL1,0,0,,,0
Yamaha,VP1,Yamaha VP1,0,0,,,0
Yamaha,Vendo /Cambio Yamaha Sk 15,Yamaha Vendo /Cambio Yamaha Sk 15,1,1,2026-03-16,2026-03-16,0
Yamaha,Vendo /MIDI YAMAHA DJX -PSR,Yamaha Vendo /MIDI YAMAHA DJX -PSR,0,0,,,0
Yamaha,YAMAHA,Yamaha YAMAHA,70,69,2022-12-31,2026-05-03,0
Yamaha,YAMAHA CS15D αναλογικό,Yamaha YAMAHA CS15D αναλογικό,1,1,2026-03-08,2026-03-08,0
Yamaha,YAMAHA YS 200,Yamaha YAMAHA YS 200,1,1,2026-03-08,2026-03-08,0
Yamaha,YC61,Yamaha YC61,0,0,,,0
Yamaha,YC73,Yamaha YC73,0,0,,,0
Yamaha,YDP-164,Yamaha YDP-164,1,1,2026-03-30,2026-03-30,0
Yamaha,YMM2 Midi Merge Box -,Yamaha YMM2 Midi Merge Box -,0,0,,,0
Yamaha,Yamaha MX49 (2016),Yamaha Yamaha MX49 (2016),0,0,,,0
Yamaha,Yamaha PSR-7 (No funciona),Yamaha Yamaha PSR-7 (No funciona),0,0,,,0
Yamaha,Yamaha SO3 SO-3,Yamaha Yamaha SO3 SO-3,1,1,2026-03-08,2026-03-08,0
Yamaha,Yamaha Tyros-5 76 teclas.,Yamaha Yamaha Tyros-5 76 teclas.,0,0,,,0
Yamaha,a-1000 oriental,Yamaha a-1000 oriental,1,1,2026-03-08,2026-03-08,0
Yamaha,analog xperience,Yamaha analog xperience,1,1,2022-12-31,2022-12-31,0
Yamaha,cartucho rom yamaha dx7s,Yamaha cartucho rom yamaha dx7s,3,3,2023-06-04,2023-08-07,0
Yamaha,dx 7,Yamaha dx 7,0,0,,,0
Yamaha,dx7s,Yamaha dx7s,0,0,,,0
Yamaha,espectacular colección,Yamaha espectacular colección,1,1,2023-03-01,2023-03-01,0
Yamaha,genos yamaha,Yamaha genos yamaha,1,1,2023-08-07,2023-08-07,0
Yamaha,kx5,Yamaha kx5,0,0,,,0
Yamaha,montage 7,Yamaha montage 7,0,0,,,0
Yamaha,p225,Yamaha p225,0,0,,,0
Yamaha,placa yamaha plg 100-vh vocal,Yamaha placa yamaha plg 100-vh vocal,1,1,2023-03-01,2023-03-01,0
Yamaha,psr 520 & 260,Yamaha psr 520 & 260,1,1,2026-03-08,2026-03-08,0
Yamaha,psr 9000,Yamaha psr 9000,0,0,,,0
Yamaha,psr e263,Yamaha psr e263,1,1,2026-03-08,2026-03-08,0
Yamaha,pss 480,Yamaha pss 480,1,1,2026-03-16,2026-03-16,0
Yamaha,rebaja,Yamaha rebaja,0,0,,,0
Yamaha,reface dx,Yamaha reface dx,0,0,,,0
Yamaha,sonidos,Yamaha sonidos,3,3,2023-06-04,2023-08-07,0
Yamaha,tg 500 yamaha,Yamaha tg 500 yamaha,5,5,2022-12-31,2023-08-07,0
Yamaha,vintage Yamaha cs15d,Yamaha vintage Yamaha cs15d,1,1,2026-03-16,2026-03-16,0
Yamaha,xs 1GB ram sampling memory,Yamaha xs 1GB ram sampling memory,1,1,2026-03-08,2026-03-08,0
Yamaha,xs7,Yamaha xs7,0,0,,,0
Yamaha,yamaha a4000,Yamaha yamaha a4000,4,4,2023-03-01,2023-08-07,0
Yamaha,yamaha breath control bc3,Yamaha yamaha breath control bc3,1,1,2023-03-01,2023-03-01,0
Yamaha,"yamaha ce 20 fm, combo","Yamaha yamaha ce 20 fm, combo",1,1,2023-08-07,2023-08-07,0
Yamaha,yamaha cp 40,Yamaha yamaha cp 40,2,2,2022-12-31,2023-03-01,0
Yamaha,yamaha cs6r,Yamaha yamaha cs6r,1,1,2023-08-07,2023-08-07,0
Yamaha,yamaha dx7s,Yamaha yamaha dx7s,2,2,2023-03-01,2026-03-07,0
Yamaha,yamaha kx 61,Yamaha yamaha kx 61,4,4,2022-12-31,2023-08-07,0
Yamaha,yamaha mox f8,Yamaha yamaha mox f8,1,1,2022-12-31,2022-12-31,0
Yamaha,yamaha mr-10,Yamaha yamaha mr-10,1,1,2023-03-01,2023-03-01,0
Yamaha,yamaha mu100r - fx,Yamaha yamaha mu100r - fx,0,0,,,0
Yamaha,yamaha mx49,Yamaha yamaha mx49,5,5,2023-06-04,2026-05-13,1
Yamaha,yamaha mx61,Yamaha yamaha mx61,3,3,2023-08-07,2026-03-08,1
Yamaha,yamaha portasound pss-140,Yamaha yamaha portasound pss-140,1,1,2022-12-31,2022-12-31,0
Yamaha,yamaha psr-7,Yamaha yamaha psr-7,2,2,2023-08-07,2026-03-16,0
Yamaha,yamaha psr-e343,Yamaha yamaha psr-e343,3,3,2023-06-04,2023-08-07,0
Yamaha,yamaha rev500,Yamaha yamaha rev500,1,1,2023-08-07,2023-08-07,0
Yamaha,yamaha rm1x,Yamaha yamaha rm1x,4,4,2023-06-04,2026-04-02,0
Yamaha,yamaha sk15,Yamaha yamaha sk15,1,1,2023-08-07,2023-08-07,0
Yamaha,yamaha sk20 analog string machine,Yamaha yamaha sk20 analog string machine,2,2,2022-12-31,2023-03-01,0
Yamaha,yamaha sy 77,Yamaha yamaha sy 77,1,1,2022-12-31,2022-12-31,0
Yamaha,"yamaha vocaloid vkb-100,","Yamaha yamaha vocaloid vkb-100,",0,0,,,0
Yamaha,yamaha yc73 comprado hace 3,Yamaha yamaha yc73 comprado hace 3,1,1,2023-03-01,2023-03-01,0
Yamaha,ΑΝΤΑΛΛΑΣΩ ΤΟ YAMAHA RX-17,Yamaha ΑΝΤΑΛΛΑΣΩ ΤΟ YAMAHA RX-17,0,0,,,0
Yamaha,ΑΡΜΟΝΙΟ YAMAHA PSR SX600 ΑΡΙΣΤΗ,Yamaha ΑΡΜΟΝΙΟ YAMAHA PSR SX600 ΑΡΙΣΤΗ,1,1,2026-03-23,2026-03-23,0
Yamaha,ΑΡΜΟΝΙΟ YAMAHA PSR-225,Yamaha ΑΡΜΟΝΙΟ YAMAHA PSR-225,1,1,2026-03-08,2026-03-08,0
Yamaha,ΑΡΜΟΝΙΟ YAMAHA PSRSX900,Yamaha ΑΡΜΟΝΙΟ YAMAHA PSRSX900,1,1,2026-03-08,2026-03-08,0
Yamaha,ΑΡΜΟΝΙΟ YAMAHA PSS-780 fm,Yamaha ΑΡΜΟΝΙΟ YAMAHA PSS-780 fm,1,1,2026-05-06,2026-05-06,0
Yamaha,Αρμονιο Yamaha PSS-F30,Yamaha Αρμονιο Yamaha PSS-F30,1,1,2026-03-08,2026-03-08,0
Yamaha,Αρμόνιο YAMAHA YPT-270,Yamaha Αρμόνιο YAMAHA YPT-270,1,1,2026-03-08,2026-03-08,0
Yamaha,Αρμόνιο Yamaha,Yamaha Αρμόνιο Yamaha,2,2,2026-03-08,2026-03-28,1
Yamaha,Αρμόνιο Yamaha PSR SX-900,Yamaha Αρμόνιο Yamaha PSR SX-900,1,1,2026-03-08,2026-03-08,0
Yamaha,Αρμόνιο Δίσκαλο YAMAHA,Yamaha Αρμόνιο Δίσκαλο YAMAHA,1,1,2026-03-23,2026-03-23,0
Yamaha,"Αρμόνιο, Συνθεσάιζερ, Yamaha PSR 6300","Yamaha Αρμόνιο, Συνθεσάιζερ, Yamaha PSR 6300",1,1,2026-03-08,2026-03-08,0
Yamaha,Ζητείται το Yamaha SY 35,Yamaha Ζητείται το Yamaha SY 35,1,1,2026-04-23,2026-04-23,0
Yamaha,"Ηλεκτρικό πίανο Yamaha pf10, άριστο","Yamaha Ηλεκτρικό πίανο Yamaha pf10, άριστο",1,1,2026-03-08,2026-03-08,0
Yamaha,Πλήκτρα Yamaha 150€ - Άριστη,Yamaha Πλήκτρα Yamaha 150€ - Άριστη,1,1,2026-03-08,2026-03-08,0
Yamaha,Πωλείται Yamaha QS300,Yamaha Πωλείται Yamaha QS300,1,1,2026-03-08,2026-03-08,0
Yamaha,Πωλείται το αρμόνιο μοντέλου Yamaha,Yamaha Πωλείται το αρμόνιο μοντέλου Yamaha,1,1,2026-04-19,2026-04-19,0
Yamaha,ΥΑΜΑΗΑ MODX-6,Yamaha ΥΑΜΑΗΑ MODX-6,1,1,2026-03-08,2026-03-08,0
Yamaha,πλήκτρα-SYNTH,Yamaha πλήκτρα-SYNTH,1,1,2026-03-08,2026-03-08,0
cre8audio,Boom Chick,cre8audio Boom Chick,0,0,,,0
cre8audio,East Beast,cre8audio East Beast,0,0,,,0
cre8audio,West Pest,cre8audio West Pest,0,0,,,0
